Price,dia,tempMedia,tempMax,tempMin,humedadMedia,humedadMax,humedadMin,velViento,dirViento,velVientoMax,dirVientoVelMax,radiacion,precipitacion,Dia,Mes,AÃ±o
74,2.0,12.19,15.32,10.39,75.7,85.6,62.73,1.473,359.6,3.998,0.0,7.06,0.0,2,1,2020
81,3.0,11.77,16.18,7.94,77.8,86.8,64.39,2.111,326.3,4.302,337.0,9.86,0.0,3,1,2020
77,4.0,12.79,16.79,9.0,72.6,86.2,58.06,1.699,40.73,4.439,0.095,6.104,0.0,4,1,2020
73,7.0,10.82,16.17,6.878,71.7,86.9,48.0,1.55,340.4,4.449,0.095,11.28,0.0,7,1,2020
67,8.0,11.36,16.24,7.28,74.0,90.0,57.02,1.056,0.142,3.508,354.7,10.83,0.0,8,1,2020
64,9.0,12.3,17.44,8.93,71.5,88.5,48.11,1.577,341.6,4.91,10.14,10.39,0.0,9,1,2020
60,10.0,12.52,17.26,8.67,72.3,81.0,49.98,1.616,4.478,4.939,0.0,11.04,0.0,10,1,2020
66,11.0,12.35,17.37,9.13,61.94,78.0,44.25,1.558,350.5,4.332,348.1,10.51,0.0,11,1,2020
72,13.0,10.8,16.04,6.945,70.8,84.2,48.67,1.712,334.4,4.469,1.043,11.69,0.0,13,1,2020
87,14.0,10.99,16.65,6.811,66.75,79.3,39.38,2.316,332.4,6.311,270.3,11.37,0.0,14,1,2020
103,15.0,12.01,17.06,8.87,64.1,81.8,44.52,1.642,360.0,4.42,19.43,11.78,0.0,15,1,2020
95,16.0,12.51,16.79,9.87,64.98,85.7,41.66,1.115,347.8,3.969,343.7,11.84,0.0,16,1,2020
86,17.0,12.91,17.25,9.4,59.19,74.3,44.86,1.41,2.44,4.057,354.5,11.42,0.0,17,1,2020
83,18.0,13.24,16.52,10.07,69.88,86.4,47.12,1.372,341.4,7.41,275.3,4.536,0.6000000000000001,18,1,2020
90,20.0,11.1,13.87,8.27,65.2,83.0,46.73,1.658,356.6,7.77,84.4,3.308,6.2,20,1,2020
91,21.0,10.88,13.06,9.27,79.6,90.0,66.01,0.922,341.7,3.616,5.214,4.248,1.6,21,1,2020
91,22.0,12.79,17.46,9.0,71.0,86.1,48.05,1.929,24.96,6.341,92.5,8.4,1.2,22,1,2020
92,23.0,12.94,19.17,9.67,71.7,84.0,46.03,1.849,26.87,4.381,354.6,12.43,0.0,23,1,2020
93,24.0,13.68,17.19,11.2,72.8,89.9,54.4,1.179,28.46,4.155,0.19,10.43,2.0,24,1,2020
94,25.0,11.9,14.66,10.6,81.7,91.4,68.42,1.284,356.5,5.282,4.74,2.896,8.6,25,1,2020
87,27.0,12.22,16.85,8.4,67.96,79.8,50.19,2.367,330.2,5.753,265.6,13.36,0.0,27,1,2020
91,28.0,12.76,17.37,9.6,73.2,91.3,52.33,1.232,337.6,4.126,0.095,12.98,0.0,28,1,2020
94,29.0,12.79,16.77,9.0,85.6,98.1,72.9,0.71,343.2,3.156,241.6,12.18,0.0,29,1,2020
90,30.0,13.21,17.91,9.67,78.3,94.5,47.4,0.542,18.84,3.371,338.4,9.67,0.0,30,1,2020
85,31.0,14.94,20.73,11.07,59.81,79.7,36.04,1.004,342.0,4.047,342.5,11.96,0.0,31,1,2020
86,32.0,14.65,19.1,11.07,72.8,90.4,57.5,1.027,342.8,5.027,0.095,13.05,0.0,1,2,2020
89,34.0,15.4,21.85,9.8,66.92,95.2,34.96,1.143,319.1,4.812,341.1,14.6,0.0,3,2,2020
105,35.0,11.84,13.39,9.46,99.6,100.0,95.2,0.8250000000000001,275.6,3.038,278.9,6.9350000000000005,0.2,4,2,2020
106,36.0,13.41,18.91,6.996,80.0,100.0,53.74,1.937,69.09,6.693,107.4,13.79,0.2,5,2,2020
103,37.0,13.2,18.37,9.4,74.0,90.5,51.84,1.592,67.95,5.439,123.4,14.39,0.0,6,2,2020
89,38.0,12.93,17.78,9.53,78.9,90.9,61.05,1.538,307.2,3.9,264.2,8.9,0.0,7,2,2020
100,39.0,13.94,18.51,10.8,82.0,96.9,63.41,1.394,338.4,4.498,16.59,12.69,0.0,8,2,2020
103,41.0,14.14,19.24,10.47,73.9,94.1,45.18,1.569,310.6,4.616,0.5690000000000001,15.32,0.0,10,2,2020
100,42.0,14.29,18.57,10.34,70.3,92.4,37.85,1.33,315.2,6.4879999999999995,254.9,15.58,0.0,11,2,2020
102,43.0,14.45,18.32,10.8,81.8,95.4,54.8,0.981,35.29,4.949,3.697,13.52,0.0,12,2,2020
102,44.0,14.08,18.77,11.34,84.8,94.2,72.6,1.071,341.8,3.567,352.2,12.54,0.0,13,2,2020
101,45.0,14.06,18.17,11.13,82.0,99.7,67.11,0.997,356.7,3.91,1.043,14.22,0.0,14,2,2020
102,46.0,14.1,18.23,11.27,80.0,95.8,66.62,1.209,335.1,4.332,6.541,15.72,0.0,15,2,2020
102,48.0,13.74,18.11,9.87,87.3,95.5,73.9,1.207,314.5,4.439,273.3,12.9,0.0,17,2,2020
101,49.0,14.78,19.71,10.67,81.9,95.3,63.31,1.397,94.3,6.39,125.1,10.88,0.0,18,2,2020
101,50.0,15.27,19.97,11.27,73.3,89.8,49.83,1.572,74.2,5.998,111.4,16.49,0.0,19,2,2020
105,51.0,13.45,17.85,10.27,70.1,85.4,39.31,1.615,15.99,4.802,166.9,13.58,0.0,20,2,2020
102,52.0,13.31,18.31,10.2,75.3,85.8,58.31,1.736,37.21,5.302,157.7,15.53,0.0,21,2,2020
104,53.0,12.74,16.84,8.87,76.4,90.2,62.48,1.612,15.15,4.077,19.53,16.96,0.0,22,2,2020
105,55.0,13.53,18.31,9.6,68.28,85.0,37.52,1.651,302.9,5.223,260.2,17.79,0.0,24,2,2020
109,56.0,14.73,20.03,8.54,70.6,89.9,30.63,0.899,342.8,4.038,1.611,16.81,0.0,25,2,2020
110,57.0,16.19,22.63,11.94,56.73,91.3,33.22,1.474,20.04,5.361,327.5,17.83,0.0,26,2,2020
111,58.0,15.23,20.98,11.47,60.09,84.6,35.5,1.253,344.4,4.959,27.87,18.36,0.0,27,2,2020
109,59.0,15.67,20.5,12.26,57.74,87.4,32.24,1.45,340.1,5.174,7.2,17.42,0.0,28,2,2020
110,60.0,15.71,19.11,11.67,61.28,82.9,34.38,3.652,286.8,8.8,256.3,17.38,0.0,29,2,2020
109,62.0,16.84,18.58,14.65,71.4,87.1,38.51,5.85,259.1,12.59,253.7,16.88,0.0,2,3,2020
111,63.0,17.02,22.36,11.53,45.77,72.9,32.77,1.526,2.789,8.67,246.9,16.62,0.0,3,3,2020
112,64.0,16.86,21.76,12.53,66.93,89.0,45.18,1.464,322.2,6.203,278.5,19.16,0.0,4,3,2020
112,65.0,15.81,19.51,11.34,68.9,94.5,42.72,2.697,292.7,11.09,260.9,18.53,0.0,5,3,2020
113,66.0,15.95,20.16,12.07,48.36,61.78,36.04,2.187,344.0,8.33,256.5,19.62,0.0,6,3,2020
120,67.0,15.06,19.63,11.8,56.74,84.2,40.05,1.464,319.5,4.116,349.6,17.97,0.0,7,3,2020
112,69.0,15.49,23.05,9.8,66.77,88.0,30.22,0.982,51.14,4.518,147.0,19.34,0.0,9,3,2020
117,70.0,15.81,19.78,12.34,61.51,79.5,44.78,1.117,11.99,4.204,19.53,18.84,0.0,10,3,2020
118,71.0,16.89,22.7,11.73,59.55,74.5,32.61,0.845,28.81,4.224,342.1,20.11,0.0,11,3,2020
123,72.0,18.77,26.57,13.4,49.83,71.6,24.55,1.694,316.7,5.547,338.3,19.04,0.0,12,3,2020
121,73.0,16.39,19.83,13.06,73.8,92.1,49.12,1.149,132.5,4.802,165.3,15.69,0.0,13,3,2020
122,74.0,16.29,18.57,13.4,80.8,90.2,70.6,0.933,146.0,2.911,127.0,18.78,0.0,14,3,2020
132,76.0,15.52,18.65,10.73,59.0,89.7,22.75,2.737,264.4,8.98,271.5,16.75,0.4,16,3,2020
132,77.0,15.42,19.58,10.2,51.59,77.3,29.49,2.372,57.21,7.73,120.8,10.13,0.2,17,3,2020
135,78.0,18.57,21.77,14.65,52.85,69.47,40.96,3.198,98.7,10.88,111.1,18.2,0.0,18,3,2020
132,79.0,16.2,19.18,13.33,69.48,82.3,53.66,1.671,264.6,5.772,264.9,17.14,0.0,19,3,2020
125,80.0,16.09,19.45,13.33,69.26,83.9,51.13,1.434,220.2,5.38,116.2,11.76,0.2,20,3,2020
123,81.0,14.66,17.25,10.93,72.4,96.0,55.92,2.536,279.9,10.47,272.0,19.35,21.2,21,3,2020
128,83.0,14.0,19.58,10.0,70.9,90.2,46.37,1.732,13.46,4.645,10.05,9.15,4.0,23,3,2020
109,84.0,18.07,22.98,14.12,50.14,72.5,33.55,2.003,39.78,9.39,83.1,12.33,0.6000000000000001,24,3,2020
92,85.0,13.27,15.92,10.67,68.03,83.0,53.4,0.877,351.0,4.596,125.8,5.277,0.4,25,3,2020
66,86.0,14.81,19.71,9.6,73.0,82.9,53.46,2.733,306.7,9.06,249.9,21.97,0.0,26,3,2020
73,87.0,14.56,18.58,12.86,63.65,77.6,38.43,1.843,110.6,5.243,147.9,14.7,0.0,27,3,2020
85,88.0,14.34,17.59,11.13,69.11,85.0,53.45,1.728,112.0,6.223,174.9,18.38,0.2,28,3,2020
88,90.0,15.45,18.91,12.66,76.8,87.6,69.78,1.217,274.7,5.165,245.7,17.36,0.0,30,3,2020
119,91.0,14.76,17.78,12.06,84.6,98.0,66.8,1.1,327.2,4.782,347.8,12.27,16.8,31,3,2020
119,91.0,14.76,17.78,12.06,84.6,98.0,66.8,1.1,327.2,4.782,347.8,12.27,16.8,31,3,2020
198,109.0,17.6,19.58,15.06,84.1,92.4,69.65,0.5670000000000001,202.2,2.44,204.4,9.93,0.0,18,4,2020
197,111.0,17.73,21.45,14.86,63.98,78.0,38.64,3.748,282.7,10.26,256.8,24.49,0.0,20,4,2020
206,112.0,15.11,18.38,12.33,72.5,83.9,49.78,3.834,266.7,9.71,239.6,23.93,0.2,21,4,2020
219,113.0,16.84,21.63,11.4,71.5,93.0,45.82,1.021,281.8,4.763,262.3,24.26,0.0,22,4,2020
198,114.0,17.57,21.31,14.06,73.5,88.6,61.31,1.596,101.9,5.37,131.1,25.47,0.0,23,4,2020
221,115.0,17.86,24.43,12.86,72.1,89.4,45.82,1.641,198.2,5.302,198.0,22.11,0.0,24,4,2020
200,116.0,15.35,16.72,14.26,94.5,98.0,88.8,1.6720000000000002,254.8,4.518,271.6,2.795,6.0,25,4,2020
194,119.0,17.71,21.7,13.66,69.71,83.9,50.63,2.093,268.8,8.08,272.3,23.04,0.0,28,4,2020
193,120.0,18.14,22.7,13.46,66.21,84.4,47.49,1.93,285.6,8.03,261.9,27.46,0.0,29,4,2020
179,121.0,17.62,22.77,12.6,74.3,92.1,51.93,2.361,285.8,9.13,283.8,26.48,0.0,30,4,2020
132,122.0,18.45,22.63,14.99,82.5,95.4,49.56,0.937,212.7,4.263,263.5,27.09,0.0,1,5,2020
145,123.0,19.63,25.56,13.93,83.5,98.0,59.49,0.712,216.7,2.862,173.4,27.77,0.0,2,5,2020
141,125.0,22.75,33.09,16.19,56.02,88.2,19.74,2.585,280.2,7.07,265.1,26.84,0.0,4,5,2020
133,126.0,19.46,23.57,15.99,83.9,98.4,61.06,1.027,228.7,3.802,261.4,25.97,0.0,5,5,2020
161,127.0,19.42,24.02,14.46,83.8,100.0,54.76,0.531,168.8,2.205,173.9,27.14,0.0,6,5,2020
154,128.0,21.85,29.16,16.79,64.01,98.6,29.21,1.856,233.6,9.42,274.5,23.77,0.0,7,5,2020
137,129.0,20.06,23.43,15.79,74.7,86.0,42.9,1.021,230.6,4.782,268.4,22.92,0.0,8,5,2020
153,130.0,19.7,23.63,16.86,74.9,96.4,49.16,3.674,257.2,9.57,273.8,26.63,0.0,9,5,2020
157,132.0,18.14,21.51,12.07,68.35,82.9,53.58,3.611,267.6,9.35,265.4,27.86,0.0,11,5,2020
148,133.0,17.02,20.86,14.4,71.8,85.4,36.9,2.537,269.1,8.59,264.5,13.17,2.0,12,5,2020
117,134.0,16.99,21.51,11.74,66.5,91.2,50.9,2.9290000000000003,266.0,9.7,259.8,28.79,0.4,13,5,2020
78,135.0,17.46,21.31,14.99,66.15,84.8,49.38,3.58,252.7,8.17,261.8,27.99,0.0,14,5,2020
78,136.0,17.12,20.5,14.59,73.4,94.1,56.63,0.889,226.6,3.234,233.3,21.36,0.6000000000000001,15,5,2020
89,137.0,18.26,22.9,15.26,67.6,84.0,53.37,1.244,274.3,4.92,254.0,17.84,0.2,16,5,2020
88,139.0,18.82,23.3,15.19,74.8,87.5,61.3,1.007,237.9,4.998,235.2,28.98,0.0,18,5,2020
68,140.0,19.81,23.83,14.33,75.8,87.6,52.31,0.985,232.1,3.606,259.6,28.78,0.0,19,5,2020
67,141.0,21.44,25.97,16.72,64.77,85.9,38.17,1.246,231.2,5.557,224.5,29.04,0.0,20,5,2020
80,142.0,20.45,24.96,15.13,79.8,90.6,62.16,0.6980000000000001,153.1,3.91,186.7,28.47,0.0,21,5,2020
61,143.0,22.34,26.05,18.19,63.0,83.4,38.7,0.914,181.3,3.734,4.737,28.6,0.0,22,5,2020
77,144.0,24.11,30.17,18.45,48.65,80.1,25.28,0.953,261.1,3.92,36.76,28.14,0.0,23,5,2020
96,146.0,21.53,25.56,16.99,68.61,94.3,47.28,1.266,245.4,4.626,246.4,28.58,0.0,25,5,2020
107,147.0,21.73,26.43,18.12,63.98,84.8,38.29,1.656,271.0,5.116,161.3,27.36,0.0,26,5,2020
83,148.0,23.69,29.36,18.72,57.28,91.5,31.34,2.583,91.9,8.4,110.2,26.69,0.4,27,5,2020
77,149.0,22.34,26.3,17.19,59.75,79.2,43.62,2.7,265.8,7.86,269.4,26.86,0.0,28,5,2020
85,150.0,21.76,27.09,16.66,62.33,90.2,35.96,1.37,247.6,4.851,253.8,28.47,0.0,29,5,2020
91,151.0,20.61,23.77,16.99,71.5,83.9,41.7,1.277,189.6,4.773,130.0,28.68,0.0,30,5,2020
107,153.0,21.44,24.83,17.66,65.21,90.2,41.5,0.987,222.1,3.332,342.8,28.77,0.0,1,6,2020
92,154.0,20.62,24.23,16.92,81.4,93.5,65.57,0.968,253.1,4.322,242.8,23.3,0.0,2,6,2020
110,155.0,21.65,25.5,16.66,72.4,91.1,46.98,3.135,268.0,9.84,244.7,28.38,0.0,3,6,2020
87,156.0,21.19,23.37,18.65,77.1,87.3,64.77,5.673,259.5,13.03,228.3,29.33,0.0,4,6,2020
90,157.0,20.87,26.37,16.06,75.8,91.6,50.43,2.426,250.6,8.22,263.5,29.34,0.0,5,6,2020
91,158.0,21.47,26.76,16.86,72.3,95.4,37.55,2.5380000000000003,246.9,9.11,264.2,25.69,0.0,6,6,2020
96,161.0,19.56,23.76,15.66,68.45,80.5,55.16,0.909,224.6,4.322,267.8,28.93,0.0,9,6,2020
89,162.0,19.74,23.1,15.86,68.13,76.9,51.51,0.98,229.5,3.616,263.1,26.74,0.0,10,6,2020
71,163.0,19.02,21.91,16.86,66.3,79.5,53.44,5.505,256.6,12.49,270.6,29.57,0.0,11,6,2020
74,164.0,18.15,20.84,16.12,70.6,84.9,58.64,4.856,260.8,9.54,249.9,28.75,0.0,12,6,2020
83,165.0,19.29,22.83,15.66,55.5,73.9,41.55,2.572,255.1,7.72,254.9,29.72,0.0,13,6,2020
72,168.0,19.52,24.3,16.32,66.5,81.5,47.96,2.292,238.9,9.33,256.7,28.08,0.0,16,6,2020
88,169.0,19.69,26.49,16.26,70.3,81.3,48.42,1.156,221.3,4.998,248.6,28.66,0.0,17,6,2020
54,174.0,25.45,33.75,18.79,49.9,78.8,23.07,1.426,110.2,5.606,144.4,29.0,0.0,22,6,2020
54,174.0,25.45,33.75,18.79,49.9,78.8,23.07,1.426,110.2,5.606,144.4,29.0,0.0,22,6,2020
57,190.0,27.23,35.61,21.58,53.81,74.4,21.8,2.22,179.1,7.9,271.8,24.82,0.0,8,7,2020
82,193.0,25.3,28.75,22.05,68.07,79.3,58.18,1.705,208.1,5.635,151.9,25.81,0.0,11,7,2020
63,203.0,28.49,34.48,24.5,55.71,76.5,30.0,2.057,114.1,9.19,260.9,25.86,0.0,21,7,2020
62,204.0,26.07,29.55,23.78,70.0,80.6,57.01,2.43,248.1,6.556,267.2,27.62,0.0,22,7,2020
71,205.0,25.88,29.41,23.44,73.2,82.7,60.48,0.862,243.0,3.195,252.5,26.99,0.0,23,7,2020
65,206.0,25.99,30.08,21.98,72.7,82.3,59.21,0.626,224.5,2.323,283.5,27.1,0.0,24,7,2020
71,210.0,26.14,29.54,22.58,74.7,84.3,63.54,0.942,261.1,4.371,6.252,26.74,0.0,28,7,2020
28,211.0,26.62,30.55,22.11,71.7,81.6,62.41,1.064,154.3,3.116,93.3,26.18,0.0,29,7,2020
47,212.0,27.57,32.35,24.17,72.6,83.9,48.54,1.17,202.4,5.743,266.0,25.88,0.0,30,7,2020
46,213.0,27.37,30.61,24.04,73.1,84.0,61.61,1.209,237.9,4.959,283.4,25.5,0.0,31,7,2020
86,217.0,26.88,29.61,24.37,72.5,81.3,61.1,1.115,121.1,5.174,159.3,25.4,0.0,4,8,2020
42,218.0,27.6,31.75,23.84,64.42,81.2,47.62,1.076,132.7,4.616,150.8,26.99,0.0,5,8,2020
66,219.0,28.33,34.28,23.18,54.35,75.1,28.27,1.521,97.5,6.468,130.9,26.22,0.0,6,8,2020
84,220.0,26.41,30.35,22.25,68.15,78.7,52.54,1.143,239.1,4.449,249.7,25.34,0.0,7,8,2020
93,221.0,26.31,31.68,21.84,63.4,82.7,31.41,0.733,223.0,2.911,354.7,24.16,0.0,8,8,2020
110,223.0,27.24,33.69,22.84,67.62,85.5,39.21,1.5510000000000002,254.7,7.79,257.9,19.19,0.8,10,8,2020
111,224.0,27.93,32.55,25.3,67.71,82.6,37.69,1.5510000000000002,199.0,6.096,268.8,19.69,0.2,11,8,2020
119,225.0,26.05,29.01,23.24,71.6,86.2,56.95,2.213,251.0,6.282,235.4,26.36,0.0,12,8,2020
117,226.0,24.94,28.95,20.98,64.57,82.1,36.36,1.535,267.1,5.949,239.5,26.82,0.0,13,8,2020
102,227.0,24.69,29.28,20.72,61.41,78.1,29.82,0.85,271.7,3.9,247.3,26.7,0.0,14,8,2020
63,228.0,24.9,28.02,20.92,62.59,77.0,37.36,2.367,271.0,7.58,273.2,26.29,0.0,15,8,2020
54,230.0,23.19,28.35,18.79,68.99,80.7,46.81,0.907,137.0,4.871,258.1,26.86,0.0,17,8,2020
53,231.0,24.55,31.48,18.26,59.48,82.1,23.74,0.471,74.4,2.127,142.1,26.66,0.0,18,8,2020
74,232.0,24.75,28.41,20.32,62.19,79.1,43.7,0.586,267.2,2.646,252.8,25.06,0.0,19,8,2020
60,233.0,24.47,30.01,20.05,69.31,87.3,37.41,0.627,237.6,3.028,284.2,23.37,0.0,20,8,2020
51,234.0,24.12,27.54,20.05,70.9,84.4,39.57,0.841,225.8,3.489,279.1,25.02,0.0,21,8,2020
51,235.0,24.11,27.75,20.72,73.2,83.5,39.7,0.584,200.8,3.332,264.0,25.88,0.0,22,8,2020
55,237.0,26.3,29.48,24.1,75.7,82.3,63.34,0.536,204.9,2.95,129.7,20.95,0.0,24,8,2020
75,238.0,25.64,29.41,22.51,75.4,84.7,62.94,0.591,232.4,2.185,183.3,24.97,0.0,25,8,2020
61,239.0,25.19,29.74,21.25,73.5,82.5,63.54,0.8190000000000001,280.0,3.773,215.6,24.01,0.0,26,8,2020
77,240.0,24.88,28.94,21.52,71.8,85.9,49.63,0.961,270.3,3.655,224.3,24.09,0.0,27,8,2020
83,241.0,24.26,28.28,20.25,70.3,78.0,57.98,1.372,284.7,6.782,254.2,23.99,0.0,28,8,2020
92,242.0,21.97,24.25,18.52,63.0,72.5,52.56,3.59,259.7,10.06,250.0,24.86,0.0,29,8,2020
104,244.0,23.35,27.16,20.32,61.08,74.0,48.91,1.279,85.6,5.194,126.4,24.74,0.0,31,8,2020
122,245.0,22.14,25.97,19.38,64.18,77.2,50.63,0.639,296.8,2.773,262.5,13.07,0.0,1,9,2020
127,246.0,23.2,27.28,19.92,65.14,73.9,50.97,0.866,324.4,3.283,320.4,22.83,0.0,2,9,2020
117,247.0,24.22,27.89,20.05,61.95,73.3,46.22,1.288,72.1,5.263,121.7,23.98,0.0,3,9,2020
112,248.0,24.47,30.21,19.32,56.64,76.3,27.81,1.466,112.2,5.282,161.9,24.04,0.0,4,9,2020
119,249.0,23.36,27.55,20.52,69.53,77.6,54.94,0.651,266.7,2.754,178.1,20.04,0.0,5,9,2020
121,251.0,23.66,27.41,20.18,69.01,76.7,58.89,0.767,304.6,4.087,114.9,22.2,0.0,7,9,2020
123,252.0,24.66,28.56,20.32,58.01,69.98,41.15,1.548,100.8,5.37,105.5,18.83,0.0,8,9,2020
128,253.0,22.68,26.62,19.92,62.96,74.5,48.77,1.054,343.3,3.616,145.8,22.67,0.0,9,9,2020
123,254.0,23.12,27.15,19.98,64.41,74.6,54.55,0.584,277.1,3.077,348.7,22.64,0.0,10,9,2020
126,255.0,23.71,27.88,19.72,59.95,72.2,40.17,1.029,38.22,3.842,164.3,21.89,0.0,11,9,2020
123,256.0,26.92,31.95,21.97,40.86,55.84,29.21,1.816,58.95,6.135,117.8,21.97,0.0,12,9,2020
117,258.0,24.98,30.29,21.25,60.0,81.4,34.42,1.102,244.3,7.46,286.8,15.71,0.0,14,9,2020
111,259.0,24.31,28.69,21.32,66.93,79.6,50.21,0.8190000000000001,293.2,3.979,266.1,21.11,0.0,15,9,2020
93,260.0,23.8,26.95,20.78,72.6,81.9,62.39,0.858,210.0,2.94,159.8,18.44,0.0,16,9,2020
88,261.0,25.25,29.48,21.57,72.0,85.1,36.02,1.284,158.7,7.41,245.4,15.22,1.8,17,9,2020
83,262.0,22.77,27.97,20.12,72.3,84.0,53.23,1.196,329.6,5.361,333.6,9.73,15.8,18,9,2020
105,263.0,22.77,25.32,19.32,62.64,74.7,33.49,2.551,274.6,8.28,256.7,21.36,0.0,19,9,2020
108,265.0,22.22,26.42,18.99,72.2,83.1,57.64,0.682,267.0,3.812,265.4,19.02,0.0,21,9,2020
97,266.0,21.96,26.16,18.46,74.7,85.6,54.85,0.725,266.7,2.94,256.9,18.82,0.0,22,9,2020
89,267.0,22.67,27.16,20.12,71.1,83.9,51.09,1.693,259.8,6.615,259.5,16.02,0.0,23,9,2020
83,268.0,24.6,28.63,20.32,60.58,76.1,36.02,1.475,241.9,6.194,249.7,18.57,0.0,24,9,2020
69,269.0,24.07,26.77,19.85,50.07,73.4,28.48,3.767,261.5,11.2,282.1,20.54,0.0,25,9,2020
66,270.0,20.88,24.76,16.26,60.16,79.1,43.04,1.493,282.1,5.949,267.2,20.54,0.0,26,9,2020
61,272.0,20.67,24.49,17.79,59.9,78.4,39.97,0.89,16.55,3.714,0.947,20.39,0.0,28,9,2020
63,273.0,21.44,25.76,18.59,60.73,82.1,34.56,1.17,277.1,4.116,164.9,19.83,0.0,29,9,2020
63,273.0,21.44,25.76,18.59,60.73,82.1,34.56,1.17,277.1,4.116,164.9,19.83,0.0,29,9,2020
63,274.0,20.96,25.02,18.39,74.4,85.0,63.02,1.0,261.6,3.606,237.3,15.82,0.0,30,9,2020
62,275.0,21.08,24.82,17.92,72.1,84.6,61.03,2.115,259.5,9.17,253.0,18.26,0.0,1,10,2020
65,276.0,19.72,23.19,17.38,65.62,85.5,26.16,5.084,257.9,12.46,224.5,11.72,0.2,2,10,2020
66,277.0,16.96,21.3,13.2,52.38,69.68,39.03,1.64,304.7,8.85,268.5,20.11,0.0,3,10,2020
66,279.0,17.62,23.17,13.8,68.13,81.5,50.24,0.737,33.62,3.293,160.1,18.35,0.0,5,10,2020
68,280.0,18.36,23.51,14.46,63.6,81.7,48.92,0.767,295.6,3.518,17.82,18.59,0.0,6,10,2020
67,281.0,18.9,24.0,12.67,62.89,81.7,38.71,0.634,268.6,3.371,3.032,18.75,0.0,7,10,2020
68,282.0,20.7,26.43,16.79,54.67,73.0,39.09,1.179,296.2,5.018,264.9,17.81,0.0,8,10,2020
68,283.0,19.71,24.1,17.59,67.74,79.2,55.59,0.768,292.2,2.901,7.3,16.27,0.0,9,10,2020
67,284.0,19.54,22.96,16.46,72.1,80.4,63.4,0.5650000000000001,307.9,2.597,24.64,13.33,0.0,10,10,2020
69,286.0,17.78,21.03,14.6,62.07,80.3,44.36,0.858,75.0,3.459,154.1,17.97,0.0,12,10,2020
72,287.0,16.81,20.71,13.73,63.36,80.3,42.38,1.874,299.9,5.116,261.6,18.2,0.0,13,10,2020
70,288.0,17.51,21.13,13.93,62.59,72.7,41.98,2.589,307.1,10.43,272.7,17.21,0.0,14,10,2020
70,289.0,17.55,22.71,14.4,58.31,77.2,39.63,1.42,317.3,4.802,258.1,17.32,0.0,15,10,2020
62,290.0,16.71,21.39,13.2,57.52,73.2,36.24,1.126,329.8,4.018,321.6,17.32,0.0,16,10,2020
56,291.0,15.97,19.77,12.74,66.65,80.0,45.32,0.894,343.0,3.695,4.36,16.99,0.0,17,10,2020
65,293.0,18.08,22.76,14.93,55.51,77.5,26.22,1.219,354.1,4.743,153.1,16.46,0.0,19,10,2020
71,294.0,19.17,23.57,14.6,65.43,73.6,45.05,1.07,75.1,9.3,266.0,13.17,0.0,20,10,2020
75,295.0,19.49,23.3,15.92,71.2,84.0,54.97,1.977,266.8,6.889,258.0,11.33,2.0,21,10,2020
76,296.0,18.13,20.05,16.19,77.9,85.6,62.52,1.445,286.0,5.057,353.3,3.902,7.0,22,10,2020
101,297.0,17.17,20.24,14.46,72.9,84.0,57.73,1.677,294.0,6.478,257.4,14.89,0.2,23,10,2020
101,298.0,17.1,21.23,14.06,63.58,78.5,43.44,1.166,311.1,4.047,246.4,16.15,0.0,24,10,2020
85,300.0,17.65,22.1,13.27,56.31,82.4,30.02,1.848,254.8,8.04,224.6,15.53,0.0,26,10,2020
84,301.0,15.59,19.51,12.67,52.34,65.45,36.77,1.802,312.7,5.4,255.7,15.76,0.0,27,10,2020
88,302.0,15.39,19.58,12.13,64.68,82.5,46.53,0.866,19.11,3.146,337.0,15.28,0.0,28,10,2020
87,303.0,16.16,20.96,10.87,65.58,79.0,45.36,0.458,51.85,2.93,152.2,15.11,0.0,29,10,2020
111,304.0,17.13,22.16,13.27,65.91,76.6,49.36,0.632,308.3,4.9,243.6,15.05,0.0,30,10,2020
107,305.0,18.12,22.9,14.86,61.06,72.5,45.11,0.925,296.7,3.861,0.758,13.84,0.0,31,10,2020
115,307.0,14.37,17.98,11.54,85.2,95.5,67.56,0.367,318.3,2.509,265.2,11.06,0.2,2,11,2020
112,308.0,15.31,19.57,11.4,77.6,89.5,59.61,0.512,330.4,2.558,337.1,13.74,0.0,3,11,2020
102,309.0,17.34,22.78,13.8,68.81,81.4,51.18,0.922,15.5,3.41,335.3,9.23,0.0,4,11,2020
98,310.0,21.11,26.7,17.31,52.38,74.7,35.22,1.652,21.63,10.69,266.8,5.7940000000000005,0.4,5,11,2020
94,311.0,24.05,28.76,19.91,37.91,63.58,27.48,1.731,10.35,8.36,277.7,6.325,0.0,6,11,2020
87,312.0,18.27,22.52,15.32,68.2,79.2,40.77,1.907,293.3,9.94,254.7,13.21,4.6,7,11,2020
78,314.0,16.35,20.23,13.14,71.6,82.9,57.87,0.8250000000000001,315.5,3.293,326.1,13.22,0.0,9,11,2020
80,315.0,17.06,21.1,14.13,73.5,82.7,58.46,0.648,0.667,3.175,7.11,13.42,0.0,10,11,2020
74,316.0,17.41,22.7,13.73,63.67,78.6,47.91,1.213,22.6,4.194,95.7,13.41,0.0,11,11,2020
67,317.0,17.1,20.91,13.73,62.98,80.1,42.04,1.035,339.5,3.949,15.07,11.4,0.0,12,11,2020
65,318.0,18.07,22.11,15.26,67.08,78.2,52.31,0.866,308.2,3.636,270.1,10.98,0.0,13,11,2020
65,319.0,18.52,21.84,16.92,75.0,84.2,64.12,0.624,256.6,3.136,231.3,9.89,0.0,14,11,2020
71,321.0,18.06,21.97,14.2,79.3,93.2,55.72,0.594,298.0,4.234,261.0,11.72,0.0,16,11,2020
81,322.0,18.67,22.1,15.99,66.47,85.6,47.78,1.288,322.0,4.341,349.6,11.91,0.0,17,11,2020
78,323.0,17.52,22.23,15.46,72.6,88.6,55.03,0.996,343.6,3.469,10.61,9.97,0.0,18,11,2020
68,324.0,16.61,20.51,14.13,71.7,80.2,60.99,1.097,358.1,3.851,336.1,6.876,0.0,19,11,2020
68,325.0,16.95,21.45,13.27,70.4,78.7,52.38,1.114,19.02,4.106,341.9,11.41,0.0,20,11,2020
70,326.0,17.41,21.24,12.73,63.9,77.7,48.11,1.441,99.1,4.88,133.1,11.12,0.0,21,11,2020
74,328.0,13.94,19.18,10.67,62.34,73.8,48.52,1.619,7.73,4.459,348.6,12.12,0.0,23,11,2020
90,329.0,13.79,19.77,9.87,61.45,71.8,44.78,1.606,328.1,5.057,347.0,11.6,0.0,24,11,2020
95,330.0,14.73,18.51,11.34,68.4,79.7,54.99,1.27,24.84,4.194,339.0,10.38,0.0,25,11,2020
94,331.0,15.62,19.52,11.87,64.48,86.0,42.11,1.478,347.5,10.93,261.9,2.041,28.0,26,11,2020
87,332.0,12.96,16.72,10.6,74.2,87.2,56.38,1.5710000000000002,326.3,5.978,265.0,8.83,10.8,27,11,2020
90,333.0,13.87,19.51,9.81,59.44,68.37,42.84,1.899,322.6,6.448,265.3,11.86,0.0,28,11,2020
82,335.0,16.1,20.77,12.6,58.16,71.4,43.17,1.549,27.91,6.38,100.0,11.6,0.0,30,11,2020
69,336.0,15.44,20.59,12.54,61.09,74.1,42.31,1.621,320.8,5.155,307.5,11.25,0.0,1,12,2020
66,337.0,14.35,19.31,11.13,66.44,80.5,48.98,1.265,346.3,4.067,336.1,11.06,0.0,2,12,2020
68,338.0,13.9,18.78,11.54,60.71,70.7,45.98,1.621,326.6,4.449,285.8,9.29,0.0,3,12,2020
75,339.0,15.29,17.66,11.4,52.64,68.13,28.37,4.94,262.6,11.98,272.4,9.36,0.0,4,12,2020
78,340.0,10.79,15.98,6.937,45.53,59.74,33.04,1.209,333.3,7.15,264.1,11.67,0.0,5,12,2020
83,342.0,14.34,18.12,8.48,54.08,70.5,39.31,4.164,283.1,12.99,264.6,10.08,0.0,7,12,2020
75,344.0,12.47,16.32,9.01,50.08,68.81,39.59,1.929,328.3,6.017,248.4,11.46,0.0,9,12,2020
77,345.0,14.63,18.72,10.67,62.4,81.9,43.12,2.766,309.3,11.33,265.0,8.41,0.0,10,12,2020
73,346.0,18.38,23.91,14.19,64.33,81.5,48.1,4.222,276.4,13.41,254.2,8.26,0.0,11,12,2020
66,347.0,18.47,23.5,14.65,57.55,69.94,42.51,1.715,312.1,12.52,246.0,10.93,0.0,12,12,2020
66,349.0,14.96,17.79,12.07,74.4,87.0,57.21,1.149,262.6,5.459,296.4,8.42,0.0,14,12,2020
70,350.0,14.7,18.73,11.07,67.16,80.5,53.2,1.179,305.7,5.331,255.2,10.51,0.0,15,12,2020
71,351.0,13.24,17.78,10.67,61.95,78.6,35.78,1.039,333.6,4.175,349.9,10.39,0.0,16,12,2020
70,352.0,13.91,16.99,11.8,68.82,77.1,57.33,0.729,336.4,3.342,3.697,4.86,0.0,17,12,2020
68,353.0,12.94,17.31,10.33,68.41,79.2,53.26,1.124,329.2,3.9,5.9719999999999995,10.39,0.0,18,12,2020
66,354.0,13.34,17.38,9.74,72.3,82.5,60.48,1.49,302.5,5.076,256.4,9.51,0.0,19,12,2020
68,356.0,13.97,18.65,11.47,66.91,81.3,49.45,1.222,346.0,4.204,329.4,10.51,0.0,21,12,2020
69,357.0,14.12,19.05,11.4,66.47,77.8,54.71,1.039,357.3,3.567,352.6,10.68,0.0,22,12,2020
70,358.0,13.46,17.58,10.6,69.92,82.5,55.06,1.615,317.9,4.645,257.3,10.73,0.0,23,12,2020
74,359.0,13.82,18.25,11.2,66.34,79.2,55.41,1.095,2.761,3.753,336.4,10.72,0.0,24,12,2020
80,361.0,10.04,15.32,6.277,53.15,70.8,33.23,1.353,9.25,4.018,342.2,11.18,0.0,26,12,2020
73,363.0,14.95,17.72,10.6,49.8,68.92,28.43,5.91,262.8,15.34,243.4,10.58,0.0,28,12,2020
71,364.0,11.64,17.05,8.15,46.19,53.88,33.96,1.929,327.8,10.05,276.9,11.18,0.0,29,12,2020
71,364.0,11.64,17.05,8.15,46.19,53.88,33.96,1.929,327.8,10.05,276.9,11.18,0.0,29,12,2020
73,365.0,10.76,16.58,7.61,45.67,61.15,29.64,1.921,329.9,5.508,354.2,11.36,0.0,30,12,2020
76,366.0,10.02,15.52,6.01,46.09,61.21,31.64,2.267,331.2,5.214,258.1,11.21,0.0,31,12,2020
87,2.0,10.52,15.78,6.344,36.65,48.88,19.02,1.834,341.3,7.57,272.7,11.47,0.0,2,1,2021
91,4.0,9.33,14.52,4.808,43.25,51.47,30.38,2.396,330.5,6.684,265.3,11.45,0.0,4,1,2021
95,5.0,10.31,15.79,6.678,49.9,60.54,37.65,1.832,29.34,5.361,0.0,9.46,0.0,5,1,2021
89,7.0,9.52,10.8,8.41,78.2,85.6,70.6,1.532,22.71,6.321,351.1,0.931,22.0,7,1,2021
87,8.0,10.49,12.4,9.4,80.2,86.2,72.8,1.416,23.24,5.429,344.9,1.424,25.2,8,1,2021
90,9.0,11.3,13.8,6.411,63.11,87.8,42.45,2.803,287.1,8.8,246.9,10.91,11.2,9,1,2021
103,11.0,8.87,11.73,7.08,75.0,84.7,60.1,0.8270000000000001,10.08,3.871,341.5,4.123,18.0,11,1,2021
107,12.0,9.77,14.99,6.611,63.5,80.2,45.11,1.706,327.3,4.773,247.1,12.05,0.0,12,1,2021
91,13.0,9.81,14.99,6.077,60.5,72.9,42.52,2.256,322.4,5.537,248.2,12.42,0.0,13,1,2021
75,14.0,10.71,15.78,6.5440000000000005,57.39,69.36,37.65,1.44,336.1,4.234,344.5,12.3,0.0,14,1,2021
66,15.0,11.46,16.65,7.48,57.13,78.9,39.05,1.391,328.4,4.557,329.1,12.56,0.0,15,1,2021
65,16.0,11.73,17.18,8.41,57.12,77.6,38.4,1.52,21.02,4.292,345.5,12.26,0.0,16,1,2021
67,18.0,12.13,16.91,8.34,60.95,75.9,41.66,1.054,349.0,3.44,0.095,12.45,0.0,18,1,2021
71,19.0,11.43,16.25,8.15,69.38,79.9,58.69,1.188,334.2,3.469,346.4,11.67,0.0,19,1,2021
83,20.0,12.1,15.93,8.41,66.25,84.2,40.46,2.342,289.6,8.1,254.9,4.698,1.8,20,1,2021
83,21.0,14.22,17.05,9.73,70.7,81.1,59.8,3.72,274.4,10.62,261.9,12.25,0.0,21,1,2021
86,22.0,16.36,20.72,12.13,59.24,87.7,26.29,5.36,266.5,12.26,258.6,13.14,0.2,22,1,2021
74,28.0,13.58,16.99,10.67,81.6,90.8,58.68,0.614,226.2,3.528,0.0,12.59,0.2,28,1,2021
72,29.0,12.73,15.65,10.0,87.7,92.9,77.6,0.643,281.8,4.518,268.5,8.52,0.2,29,1,2021
75,30.0,15.46,20.25,9.01,64.52,91.6,35.7,3.793,270.9,13.28,261.3,13.56,0.2,30,1,2021
74,32.0,16.91,22.3,12.13,62.0,80.1,39.15,2.89,260.1,11.5,262.3,14.26,0.0,1,2,2021
83,33.0,14.56,18.91,9.67,63.29,83.9,35.71,0.974,307.7,4.498,345.9,14.54,0.0,2,2,2021
85,34.0,13.56,17.45,9.28,69.57,79.1,44.41,1.144,281.4,4.871,264.7,12.39,0.0,3,2,2021
90,35.0,13.35,18.45,8.81,75.2,82.2,65.01,0.793,78.4,4.4879999999999995,154.7,12.55,0.0,4,2,2021
78,36.0,17.7,24.84,11.94,48.58,75.6,30.97,2.161,321.5,7.54,261.2,10.23,0.2,5,2,2021
76,37.0,14.51,16.6,11.6,64.65,73.2,48.19,3.344,271.4,9.58,269.4,14.45,0.0,6,2,2021
77,39.0,14.44,16.13,11.94,69.69,86.2,50.93,5.106,257.2,10.74,274.8,11.85,8.2,8,2,2021
78,40.0,14.89,16.72,13.8,70.2,85.0,49.52,4.299,263.7,9.65,255.9,7.52,0.2,9,2,2021
79,41.0,15.24,16.79,13.6,76.4,82.3,69.88,4.938,258.2,12.75,268.1,12.99,0.0,10,2,2021
74,42.0,14.47,18.77,10.73,79.5,88.0,64.58,0.6970000000000001,256.2,3.244,246.5,14.99,0.0,11,2,2021
73,43.0,15.36,21.78,10.8,70.8,90.0,46.85,1.172,305.5,8.52,266.0,15.12,0.2,12,2,2021
66,44.0,14.92,21.06,11.74,58.5,78.5,35.17,1.648,341.4,5.459,0.095,16.02,0.0,13,2,2021
68,46.0,13.68,18.78,10.2,58.18,66.56,45.24,1.6,45.08,5.743,151.2,16.32,0.0,15,2,2021
75,47.0,12.08,17.05,8.08,64.52,78.5,49.18,1.18,315.4,3.734,354.2,16.65,0.0,16,2,2021
82,48.0,12.79,17.24,9.15,71.4,84.6,60.02,0.763,312.2,3.391,24.65,16.65,0.0,17,2,2021
85,49.0,12.92,17.31,9.08,67.19,82.3,38.99,1.495,309.8,4.949,236.1,16.18,0.0,18,2,2021
91,50.0,13.0,17.31,9.01,74.5,87.4,55.88,0.8280000000000001,15.87,3.381,0.0,16.84,0.0,19,2,2021
111,51.0,13.48,16.87,9.47,68.69,84.2,39.92,1.344,31.7,5.263,150.7,15.64,0.0,20,2,2021
102,53.0,13.04,17.18,8.41,53.29,68.56,31.44,2.366,322.6,8.49,259.2,17.51,0.0,22,2,2021
103,54.0,13.96,18.58,9.81,50.91,62.74,38.05,1.718,40.45,5.312,151.7,17.68,0.0,23,2,2021
106,55.0,14.66,19.38,10.73,61.44,72.8,48.72,1.827,68.35,6.066,120.8,16.45,0.0,24,2,2021
114,56.0,16.04,21.51,11.07,56.63,73.4,46.18,1.662,64.16,5.498,110.6,15.08,0.0,25,2,2021
128,57.0,16.76,22.04,12.2,52.53,72.3,38.58,1.708,78.6,5.841,112.6,17.53,0.0,26,2,2021
132,58.0,13.64,19.18,10.41,64.43,76.1,45.05,1.377,30.24,4.459,156.2,11.68,0.0,27,2,2021
129,60.0,16.42,21.18,12.86,56.78,82.5,38.63,1.528,25.79,9.11,268.1,7.32,0.0,1,3,2021
136,61.0,15.42,18.71,11.87,68.69,81.7,56.13,1.225,286.0,4.41,252.6,13.83,0.0,2,3,2021
147,62.0,15.97,21.64,13.13,67.94,83.6,46.43,1.274,131.5,4.684,157.4,13.49,0.0,3,3,2021
147,63.0,14.32,20.18,10.47,62.74,74.8,39.31,1.415,75.7,5.008,134.0,15.62,0.0,4,3,2021
152,64.0,15.25,20.24,11.13,61.62,71.2,49.46,1.434,78.1,4.547,114.1,12.78,0.0,5,3,2021
157,65.0,15.94,20.19,13.0,59.01,76.0,41.1,1.092,58.47,5.184,116.0,4.319,1.8,6,3,2021
168,67.0,14.3,18.64,10.67,72.9,91.5,52.11,1.053,333.5,4.155,252.1,17.35,0.0,8,3,2021
176,68.0,13.68,18.12,10.33,71.8,87.9,55.65,1.283,24.84,4.831,165.0,17.91,4.0,9,3,2021
162,69.0,13.23,18.05,8.81,70.5,83.6,57.01,1.833,309.1,4.841,270.0,19.09,0.0,10,3,2021
149,70.0,14.12,18.38,9.81,70.3,77.6,58.01,1.882,296.0,5.537,222.4,20.04,0.0,11,3,2021
161,71.0,14.77,19.11,10.48,71.0,82.4,55.21,1.049,12.48,3.469,346.3,20.36,0.0,12,3,2021
165,72.0,15.76,20.04,13.2,70.6,82.2,58.27,1.32,283.3,5.253,264.3,19.37,0.0,13,3,2021
182,74.0,15.8,21.98,12.67,55.31,67.36,35.43,1.679,39.06,4.773,353.1,20.63,0.0,15,3,2021
211,75.0,14.9,19.25,11.2,62.09,71.8,39.24,1.689,56.07,4.822,147.6,20.85,0.0,16,3,2021
243,76.0,16.7,22.7,11.01,44.56,71.0,24.95,1.939,44.66,7.91,97.1,20.58,0.0,17,3,2021
260,77.0,15.2,21.24,10.73,56.34,82.7,28.97,1.911,81.7,5.557,111.7,20.65,5.4,18,3,2021
269,78.0,12.78,17.71,9.07,70.5,84.1,51.64,0.951,293.1,3.773,341.9,16.94,4.2,19,3,2021
263,79.0,13.2,18.65,8.94,50.05,84.8,25.16,1.632,62.62,8.7,119.6,15.23,0.0,20,3,2021
273,81.0,13.53,18.31,8.74,54.91,65.47,35.65,1.429,331.2,4.4879999999999995,3.888,22.44,0.0,22,3,2021
302,82.0,14.33,19.04,9.74,61.13,74.6,39.05,1.443,309.0,4.283,335.3,22.44,0.0,23,3,2021
389,83.0,15.24,19.44,11.27,71.0,82.3,54.81,1.075,20.17,3.312,9.57,22.05,0.0,24,3,2021
486,84.0,15.13,19.17,11.54,72.2,81.3,55.67,0.972,307.4,3.548,344.8,22.07,0.0,25,3,2021
538,85.0,15.24,19.12,11.4,67.59,76.9,53.81,1.078,295.3,4.361,276.1,17.17,0.0,26,3,2021
236,86.0,16.55,23.37,11.0,61.8,74.0,43.82,1.401,68.6,4.9,73.7,20.65,0.0,27,3,2021
252,88.0,18.12,25.1,12.53,61.78,80.8,37.98,1.477,239.9,5.165,263.0,19.72,0.0,29,3,2021
323,89.0,18.73,25.9,12.53,57.6,82.6,34.62,1.224,138.5,5.38,88.0,15.16,0.0,30,3,2021
323,89.0,18.73,25.9,12.53,57.6,82.6,34.62,1.224,138.5,5.38,88.0,15.16,0.0,30,3,2021
100,187.0,22.33,28.03,18.66,70.2,96.0,41.35,2.609,251.5,7.42,240.9,28.15,0.0,6,7,2021
87,188.0,21.07,28.03,18.06,68.46,89.0,45.96,1.638,232.8,6.605,265.7,24.53,0.0,7,7,2021
92,189.0,22.46,25.78,17.59,75.5,83.5,49.18,1.543,130.3,5.086,158.9,26.88,0.0,8,7,2021
88,193.0,24.13,29.63,19.65,66.47,98.8,34.75,3.449,249.2,9.34,259.3,24.74,0.0,12,7,2021
90,194.0,23.37,27.56,18.59,66.82,82.9,51.95,0.94,198.8,5.478,60.92,25.16,0.0,13,7,2021
84,195.0,23.33,26.29,20.58,71.7,83.9,56.82,0.87,121.9,4.4879999999999995,158.2,26.52,0.0,14,7,2021
77,197.0,23.57,27.16,19.98,68.65,84.9,47.04,0.922,257.4,3.871,23.41,26.92,0.0,16,7,2021
77,200.0,23.8,27.16,20.52,79.6,93.6,63.15,0.607,191.3,3.655,170.2,26.07,0.0,19,7,2021
66,201.0,23.7,27.29,20.72,82.1,100.0,62.55,0.979,245.2,4.165,255.7,25.94,0.0,20,7,2021
66,202.0,23.73,28.15,18.32,81.3,100.0,64.28,0.755,234.2,3.41,164.3,26.35,0.0,21,7,2021
74,203.0,25.33,29.69,21.45,67.13,83.8,45.08,0.615,238.8,4.479,259.5,25.62,0.0,22,7,2021
66,204.0,24.87,29.15,20.78,81.9,97.6,63.28,0.87,243.9,3.763,260.1,21.93,0.0,23,7,2021
61,205.0,25.46,31.36,21.12,67.78,95.9,32.01,1.75,248.6,6.007,268.2,22.66,0.0,24,7,2021
71,208.0,24.31,28.77,21.58,76.0,85.7,48.49,1.005,133.0,4.733,158.0,25.94,0.0,27,7,2021
56,210.0,25.14,28.56,21.78,79.9,95.7,59.88,0.786,226.8,3.989,318.6,23.26,0.0,29,7,2021
65,211.0,23.83,26.1,22.25,87.3,99.3,72.9,1.899,246.8,5.713,214.8,22.98,0.0,30,7,2021
65,214.0,23.03,27.69,17.59,69.7,94.8,42.22,0.604,233.4,3.077,251.1,24.29,0.0,2,8,2021
68,215.0,24.13,27.81,21.05,76.8,91.0,60.81,0.811,234.2,3.038,243.1,23.56,0.0,3,8,2021
71,216.0,22.28,25.57,19.39,83.2,93.6,66.63,1.094,234.2,4.4879999999999995,240.8,25.07,0.0,4,8,2021
70,217.0,23.75,27.75,18.99,80.2,97.5,62.69,0.614,205.1,2.93,274.6,25.7,0.0,5,8,2021
69,218.0,23.67,27.82,19.59,82.0,100.0,56.36,0.763,241.3,5.155,238.9,25.92,0.0,6,8,2021
68,219.0,22.77,26.7,18.66,73.1,96.8,50.83,2.681,255.0,9.22,271.1,26.02,0.2,7,8,2021
75,221.0,24.67,27.7,21.72,81.6,95.4,62.76,1.052,214.9,4.733,148.4,20.13,0.0,9,8,2021
78,222.0,25.29,28.7,22.51,74.6,91.5,48.02,0.982,221.7,9.44,16.86,12.81,0.0,10,8,2021
78,223.0,26.19,32.51,23.04,72.5,88.1,34.09,1.758,251.1,7.96,181.5,17.19,1.6,11,8,2021
80,224.0,26.93,30.5,23.51,70.7,85.8,46.69,1.261,250.4,8.89,241.9,21.84,0.0,12,8,2021
77,225.0,25.3,28.82,21.72,84.5,100.0,69.22,0.747,207.9,3.067,155.5,18.63,0.0,13,8,2021
89,226.0,25.94,29.61,23.24,83.6,96.9,64.41,0.959,242.5,3.636,247.4,21.77,0.0,14,8,2021
86,228.0,26.06,29.29,22.78,88.5,100.0,71.3,0.732,202.5,4.439,264.9,22.43,0.0,16,8,2021
91,229.0,26.53,30.22,24.51,76.8,92.6,59.22,1.126,154.3,4.567,180.7,14.73,0.0,17,8,2021
93,230.0,26.06,29.15,23.71,75.1,91.1,56.74,1.011,216.3,3.058,181.2,19.87,0.4,18,8,2021
98,231.0,25.97,29.09,24.04,75.6,86.4,61.68,0.589,214.1,3.469,262.3,16.98,0.6000000000000001,19,8,2021
96,232.0,26.49,29.61,23.71,73.8,85.3,61.61,0.857,171.4,3.224,174.3,21.96,0.0,20,8,2021
89,233.0,26.58,30.09,24.17,75.0,90.7,60.28,0.949,179.5,5.635,11.46,15.08,0.0,21,8,2021
89,235.0,27.37,32.96,24.38,71.3,88.5,39.35,2.061,251.1,9.75,274.9,12.35,0.0,23,8,2021
82,236.0,26.98,29.63,25.11,67.73,80.0,45.36,1.368,206.1,7.19,276.1,14.58,0.0,24,8,2021
81,237.0,26.48,30.01,23.44,68.04,84.6,48.29,0.773,163.8,3.861,161.9,22.37,0.0,25,8,2021
76,238.0,25.4,29.28,21.65,71.1,84.6,55.43,0.878,249.9,3.224,162.1,22.21,0.0,26,8,2021
76,239.0,25.48,31.02,20.85,69.92,84.4,47.35,1.719,272.1,5.694,238.8,21.4,0.0,27,8,2021
75,240.0,25.31,28.03,22.19,74.1,90.2,53.09,2.98,258.7,8.04,249.9,22.37,0.0,28,8,2021
81,242.0,22.73,25.96,19.33,77.2,87.4,67.03,0.746,277.9,2.597,245.7,22.22,0.0,30,8,2021
76,243.0,24.97,29.16,20.92,73.9,86.4,56.02,1.536,243.1,5.272,267.1,18.02,0.0,31,8,2021
77,244.0,25.23,28.49,22.45,74.0,88.9,54.62,1.738,258.4,5.106,234.9,15.86,0.0,1,9,2021
77,245.0,23.77,27.42,20.58,76.5,90.2,57.82,0.838,235.5,3.244,263.8,21.63,0.0,2,9,2021
90,246.0,23.88,27.69,20.65,69.37,85.9,49.17,0.872,301.3,3.244,161.3,21.65,0.0,3,9,2021
96,247.0,24.26,27.82,20.58,73.1,86.4,49.64,0.986,83.6,4.626,27.57,21.35,0.0,4,9,2021
93,249.0,27.04,33.35,22.45,56.74,88.6,25.07,1.158,83.9,5.155,133.8,18.16,0.0,6,9,2021
83,250.0,27.64,31.42,24.84,51.94,79.3,24.01,1.646,269.9,5.439,248.6,19.44,0.0,7,9,2021
75,251.0,25.58,27.77,22.25,66.99,77.0,54.76,2.967,272.9,8.15,261.2,21.28,0.0,8,9,2021
64,252.0,24.53,29.76,20.65,60.18,82.0,36.29,1.966,311.2,6.958,228.3,20.92,0.0,9,9,2021
57,254.0,24.93,28.95,21.18,53.86,78.3,39.37,0.8290000000000001,359.2,3.263,5.4,20.3,0.0,11,9,2021
68,256.0,26.16,29.1,24.18,53.73,89.7,34.42,1.987,7.26,6.88,329.2,4.401,0.8,13,9,2021
62,257.0,25.92,31.24,22.38,54.07,81.7,30.15,1.451,307.2,8.66,11.56,7.01,0.0,14,9,2021
70,258.0,23.99,26.9,19.72,64.66,82.5,47.17,2.866,273.1,7.3,262.9,20.4,0.0,15,9,2021
77,259.0,22.37,26.36,18.73,71.6,85.9,55.11,1.397,289.7,5.439,248.4,20.37,0.0,16,9,2021
85,260.0,22.55,26.29,19.33,68.98,88.4,47.17,1.336,281.5,4.185,282.1,20.16,0.0,17,9,2021
79,261.0,22.5,25.83,19.59,76.6,90.0,65.77,1.174,288.2,4.841,257.1,19.73,0.0,18,9,2021
75,263.0,24.17,27.49,21.72,75.21,87.8,56.27,0.62,262.43,3.322,255.9,19.8,0.0,20,9,2021
61,264.0,23.61,27.69,19.92,61.63,85.9,44.49,1.907,70.4,8.06,111.1,21.48,0.0,21,9,2021
60,265.0,23.6,28.77,19.99,55.52,77.5,41.49,1.705,74.2,5.86,70.8,17.57,0.0,22,9,2021
53,266.0,24.63,29.23,20.25,55.56,76.5,38.23,1.925,61.25,7.08,112.9,17.23,0.0,23,9,2021
54,267.0,24.53,27.23,22.18,71.8,94.1,54.51,0.845,185.0,4.292,148.1,16.49,0.0,24,9,2021
52,268.0,23.47,26.83,19.65,78.7,100.0,47.09,1.858,256.7,5.9190000000000005,258.7,18.67,0.8,25,9,2021
56,270.0,21.73,26.76,17.86,60.67,86.1,42.71,0.8290000000000001,302.6,3.42,212.9,20.37,0.0,27,9,2021
56,271.0,21.98,26.49,18.46,63.08,81.9,42.91,1.031,312.2,3.058,8.53,19.93,0.0,28,9,2021
56,271.0,21.98,26.49,18.46,63.08,81.9,42.91,1.031,312.2,3.058,8.53,19.93,0.0,28,9,2021
56,272.0,21.84,26.16,18.39,65.21,84.5,48.31,0.798,327.7,2.362,346.1,19.41,0.0,29,9,2021
59,273.0,22.57,27.29,18.46,67.2,86.7,35.1,0.985,316.3,3.616,239.4,19.06,0.0,30,9,2021
61,274.0,22.51,26.83,19.39,72.4,86.7,52.69,1.239,291.3,3.822,237.0,18.18,0.0,1,10,2021
71,275.0,21.82,25.82,19.39,74.0,84.8,58.22,0.96,302.0,3.675,247.7,17.78,0.0,2,10,2021
71,277.0,20.51,25.44,17.26,44.48,63.6,30.96,1.111,37.57,4.263,151.6,14.41,0.0,4,10,2021
81,278.0,19.66,24.03,15.87,54.68,72.3,41.11,1.015,313.2,3.146,305.8,18.9,0.0,5,10,2021
87,279.0,20.89,25.69,15.26,56.52,81.1,34.31,0.62,38.73,2.274,162.7,19.09,0.0,6,10,2021
102,280.0,21.07,26.37,17.52,69.48,81.8,48.56,0.929,35.26,4.067,152.3,18.54,0.0,7,10,2021
112,281.0,21.22,24.9,17.66,71.0,84.5,56.65,0.911,304.8,3.401,187.3,18.12,0.0,8,10,2021
119,282.0,21.47,24.96,18.79,73.1,85.0,56.22,0.772,95.1,3.195,155.1,16.05,0.0,9,10,2021
118,284.0,21.87,27.1,17.39,49.15,70.3,37.22,1.606,49.8,6.429,101.2,16.21,0.0,11,10,2021
115,286.0,19.67,24.17,16.66,70.8,83.1,52.23,0.789,352.1,2.568,160.3,13.55,0.0,13,10,2021
112,287.0,20.07,24.43,16.6,63.84,82.6,48.62,1.01,46.37,4.165,151.1,17.44,0.0,14,10,2021
105,288.0,19.58,24.7,15.87,59.71,77.5,38.76,1.124,316.2,3.93,14.79,16.87,0.0,15,10,2021
109,289.0,19.54,23.3,15.93,68.12,90.0,44.99,1.057,282.9,4.145,232.4,16.23,0.0,16,10,2021
110,291.0,20.59,24.97,17.46,72.2,91.6,44.03,1.134,55.43,4.155,164.1,15.77,0.0,18,10,2021
104,292.0,20.9,25.97,16.86,63.51,78.4,43.02,1.198,48.18,4.675,158.7,16.32,0.0,19,10,2021
101,293.0,20.32,24.43,16.59,57.33,82.9,29.76,1.494,304.6,4.067,249.8,16.48,0.0,20,10,2021
80,294.0,18.69,22.63,15.06,75.4,94.9,41.18,1.089,309.7,4.635,247.5,15.64,0.0,21,10,2021
62,295.0,19.37,23.9,16.06,71.7,91.0,52.71,1.166,355.0,4.273,264.4,14.9,0.0,22,10,2021
56,296.0,19.37,23.7,16.06,59.1,80.1,39.7,1.192,5.498,4.753,160.8,14.73,0.0,23,10,2021
64,298.0,18.37,22.63,14.93,67.09,82.7,50.45,1.166,58.38,4.635,150.3,13.86,0.0,25,10,2021
63,299.0,19.45,24.04,16.47,51.76,79.4,30.89,1.267,45.52,4.92,122.6,12.9,0.0,26,10,2021
64,300.0,19.42,24.63,16.33,56.51,75.7,43.11,1.332,58.18,5.027,119.1,12.86,0.0,27,10,2021
74,301.0,17.93,22.76,14.93,64.42,81.8,43.57,1.019,330.5,3.489,325.1,14.65,0.0,28,10,2021
80,302.0,18.4,21.25,14.93,66.32,82.7,50.65,2.001,291.8,5.9879999999999995,288.5,11.02,0.0,29,10,2021
83,303.0,20.34,22.64,19.32,78.9,87.7,57.51,5.09,257.1,9.86,235.6,10.03,0.0,30,10,2021
83,305.0,19.27,21.45,17.66,82.6,100.0,65.92,4.805,258.7,10.22,254.2,13.21,0.0,1,11,2021
74,306.0,18.82,22.11,16.92,68.63,82.5,46.31,3.414,261.0,8.45,276.0,14.56,0.0,2,11,2021
75,307.0,16.8,20.12,12.2,49.08,80.4,30.69,2.654,271.9,9.95,225.9,10.44,0.0,3,11,2021
67,308.0,14.5,19.84,11.14,46.49,75.0,34.44,1.132,22.64,3.861,319.2,15.37,0.0,4,11,2021
65,309.0,14.55,18.45,11.67,47.49,74.6,26.36,1.319,314.2,4.332,239.3,14.37,0.0,5,11,2021
57,310.0,12.89,17.05,9.74,52.4,76.2,37.51,1.639,310.6,4.704,232.1,12.63,3.8,6,11,2021
63,312.0,13.28,18.51,9.34,43.56,68.95,22.9,1.378,312.8,3.744,234.9,14.09,0.0,8,11,2021
72,313.0,15.31,20.51,11.27,50.6,79.6,28.17,1.195,20.89,3.646,149.9,13.51,0.0,9,11,2021
76,314.0,15.14,19.97,11.67,63.58,83.9,42.32,1.313,309.1,4.136,235.2,13.26,0.0,10,11,2021
72,315.0,15.0,19.84,11.27,57.72,73.7,40.78,1.303,306.7,4.283,260.8,13.29,0.0,11,11,2021
71,316.0,15.31,20.59,12.14,58.57,86.7,35.24,1.064,349.9,3.312,351.4,12.33,0.0,12,11,2021
74,317.0,16.25,21.1,13.27,56.69,78.9,40.71,0.974,331.5,3.616,27.3,12.23,0.0,13,11,2021
82,319.0,16.2,21.23,12.6,52.21,61.54,39.78,1.033,335.8,3.802,259.1,12.57,0.0,15,11,2021
94,320.0,14.83,20.11,11.2,51.74,67.27,36.77,1.282,336.3,3.636,0.379,12.78,0.0,16,11,2021
97,321.0,14.89,20.38,11.14,53.72,64.81,40.72,1.475,32.93,4.253,132.9,12.47,0.0,17,11,2021
92,322.0,17.2,20.31,13.6,48.54,58.94,39.31,2.474,69.24,8.3,95.7,12.18,0.0,18,11,2021
90,323.0,18.78,21.91,14.2,44.15,54.71,38.64,2.7,73.8,8.91,95.3,13.27,0.0,19,11,2021
95,324.0,17.68,19.92,14.13,53.87,66.68,39.3,1.488,28.79,6.066,102.1,4.423,0.6000000000000001,20,11,2021
110,326.0,15.95,19.85,12.47,61.52,85.7,42.71,3.059,289.9,8.1,261.0,11.93,3.0,22,11,2021
106,327.0,14.29,16.52,10.33,50.9,85.8,36.71,2.622,274.4,7.55,238.6,12.4,1.0,23,11,2021
100,328.0,12.37,18.31,8.48,46.39,60.82,32.43,1.873,317.2,8.77,267.0,12.97,0.0,24,11,2021
96,329.0,12.96,17.39,8.68,50.21,68.75,35.97,2.322,304.5,6.742,255.4,11.93,0.0,25,11,2021
85,330.0,13.11,16.32,10.0,50.98,67.42,41.72,1.924,304.5,5.684,248.4,11.94,0.0,26,11,2021
82,331.0,13.05,17.39,9.21,40.1,50.74,23.63,2.716,312.5,9.8,221.6,11.96,0.0,27,11,2021
80,333.0,13.63,19.71,8.88,43.04,60.79,33.77,1.454,357.6,4.939,336.1,11.79,0.0,29,11,2021
82,334.0,13.72,18.66,10.01,56.59,80.2,37.51,1.399,320.9,4.283,0.853,11.47,0.0,30,11,2021
92,335.0,12.9,16.19,9.07,61.1,71.8,44.93,2.405,307.3,8.13,251.2,11.3,0.0,1,12,2021
96,336.0,14.77,18.32,12.0,41.72,70.5,20.96,2.007,315.1,9.51,261.2,9.78,0.0,2,12,2021
103,337.0,12.77,17.92,9.07,35.52,52.52,21.36,1.573,334.4,5.419,8.34,11.7,0.0,3,12,2021
99,338.0,13.1,17.58,8.74,43.9,60.81,29.71,1.343,339.7,4.292,307.9,11.56,0.0,4,12,2021
95,340.0,13.66,18.37,11.07,46.95,77.2,31.23,1.597,318.2,4.547,1.611,11.09,0.0,6,12,2021
98,341.0,13.54,17.38,10.41,55.33,80.8,36.45,1.554,316.3,6.9190000000000005,242.2,10.97,0.0,7,12,2021
95,343.0,13.57,18.33,10.14,48.32,68.2,31.97,1.632,329.1,4.939,326.8,10.48,0.0,9,12,2021
94,344.0,14.66,18.26,12.07,49.64,74.0,37.57,0.973,354.4,4.312,104.3,3.576,0.0,10,12,2021
94,345.0,14.73,19.26,9.87,63.18,100.0,41.25,0.95,8.87,4.087,323.6,10.78,0.0,11,12,2021
97,347.0,14.59,20.25,11.27,48.77,57.4,36.3,1.479,26.49,4.341,110.5,11.01,0.0,13,12,2021
94,348.0,12.69,17.65,8.01,57.96,81.5,43.3,0.974,338.0,3.391,314.2,10.93,0.0,14,12,2021
86,349.0,11.99,17.98,7.55,56.92,77.6,39.52,1.911,26.11,5.782,104.7,10.82,0.0,15,12,2021
89,350.0,14.13,19.32,10.14,47.2,58.55,34.57,2.221,46.82,8.07,125.3,9.73,0.0,16,12,2021
83,352.0,13.79,18.92,9.41,52.31,61.55,37.3,1.357,34.84,4.694,93.5,9.57,0.0,18,12,2021
84,354.0,12.64,17.31,9.87,72.5,88.4,51.46,1.272,320.3,3.714,333.6,7.98,0.0,20,12,2021
91,355.0,13.39,16.98,9.87,79.4,93.0,58.68,0.556,342.8,2.636,12.51,8.4,0.0,21,12,2021
98,356.0,14.63,17.32,11.34,78.1,100.0,43.99,1.101,305.9,4.332,282.1,5.717,0.8,22,12,2021
107,357.0,14.21,17.99,11.0,78.4,95.1,59.87,1.015,28.6,3.42,301.8,6.957,0.0,23,12,2021
101,358.0,14.19,16.19,11.8,90.8,100.0,79.2,1.32,288.7,5.821,225.2,4.347,2.6,24,12,2021
96,361.0,16.39,23.1,12.73,67.17,92.0,43.36,1.773,283.4,6.429,252.1,10.53,0.0,27,12,2021
79,362.0,15.81,20.31,12.14,68.7,95.6,45.78,1.103,11.84,4.616,118.2,10.49,0.0,28,12,2021
79,362.0,15.81,20.31,12.14,68.7,95.6,45.78,1.103,11.84,4.616,118.2,10.49,0.0,28,12,2021
67,363.0,13.87,18.27,10.01,71.3,100.0,39.19,0.659,33.18,3.087,3.982,11.13,0.2,29,12,2021
66,364.0,13.76,17.41,10.93,74.5,100.0,38.85,0.811,328.8,3.244,1.422,10.4,0.0,30,12,2021
74,365.0,11.47,14.65,9.13,95.0,100.0,76.7,0.635,8.39,2.303,154.4,8.22,0.0,31,12,2021
88,3.0,10.41,15.12,6.477,83.1,98.3,67.91,0.895,330.3,3.107,243.2,10.52,0.2,3,1,2022
111,4.0,12.49,18.73,6.878,73.0,91.5,34.77,2.327,291.5,9.07,218.7,8.95,0.0,4,1,2022
101,5.0,12.99,17.66,9.73,45.36,64.42,33.04,1.158,345.7,4.145,332.7,10.65,0.0,5,1,2022
88,7.0,11.32,16.72,7.88,66.34,84.5,46.33,1.612,349.4,4.381,27.5,11.63,0.0,7,1,2022
76,8.0,11.17,16.18,7.68,61.56,82.2,34.25,1.782,313.2,4.547,277.8,10.39,0.0,8,1,2022
82,10.0,14.64,20.65,9.6,59.59,92.1,31.69,0.941,317.4,4.028,321.9,11.57,0.0,10,1,2022
89,11.0,13.41,17.92,9.21,59.63,79.9,50.61,1.333,50.75,5.517,116.7,8.36,0.0,11,1,2022
97,12.0,12.44,16.51,8.94,61.96,78.8,47.58,1.365,59.03,5.596,119.9,12.05,0.0,12,1,2022
90,13.0,12.11,16.12,8.48,49.55,64.09,38.45,2.221,62.03,7.11,149.6,11.48,0.0,13,1,2022
78,14.0,12.14,17.26,8.48,48.91,59.02,37.64,1.6720000000000002,44.41,6.252,94.4,7.68,0.0,14,1,2022
75,15.0,11.0,15.47,7.95,53.62,80.3,29.57,1.565,357.8,4.312,308.4,12.05,0.0,15,1,2022
79,17.0,11.26,15.98,7.41,63.36,89.0,45.26,1.378,50.61,3.832,118.1,11.47,0.0,17,1,2022
92,18.0,10.2,15.91,6.344,53.88,69.25,37.16,1.61,343.5,4.175,2.845,12.3,0.0,18,1,2022
88,19.0,11.45,15.87,7.41,54.48,63.75,38.51,1.487,26.18,3.969,311.4,11.75,0.0,19,1,2022
81,20.0,12.17,16.25,8.14,52.69,65.22,41.05,1.329,49.05,3.832,36.31,12.53,0.0,20,1,2022
77,21.0,10.72,15.18,7.28,57.13,67.57,40.32,1.409,15.21,4.028,298.0,12.36,0.0,21,1,2022
79,22.0,11.8,17.25,8.21,54.09,67.63,42.26,1.991,38.33,5.86,89.6,13.03,0.0,22,1,2022
89,24.0,12.5,17.19,8.81,50.01,56.69,37.84,1.493,53.5,6.115,97.6,10.01,0.0,24,1,2022
87,25.0,13.39,17.31,9.07,46.0,57.34,35.7,2.06,58.5,9.06,102.1,9.28,0.0,25,1,2022
90,26.0,13.86,16.12,11.07,55.13,80.0,39.25,1.141,25.69,4.273,279.8,2.955,1.0,26,1,2022
96,27.0,15.36,19.52,11.8,40.83,53.8,28.37,2.182,76.9,8.26,99.6,10.12,0.2,27,1,2022
101,28.0,14.18,18.98,10.13,43.09,52.07,29.97,1.778,48.87,6.047,117.9,11.97,0.0,28,1,2022
112,29.0,14.65,19.85,10.48,24.14,43.59,10.01,1.911,39.67,6.948,98.4,12.96,0.0,29,1,2022
112,31.0,12.35,16.39,7.48,62.55,100.0,35.85,1.348,304.2,5.468,185.9,12.05,0.0,31,1,2022
108,32.0,13.38,17.39,7.28,48.62,100.0,24.83,1.597,41.34,5.125,93.2,13.42,0.0,1,2,2022
99,33.0,13.09,18.71,9.15,58.48,84.4,30.91,1.24,307.5,5.037,279.5,14.31,0.0,2,2,2022
89,34.0,13.87,17.78,9.01,59.43,88.9,27.1,1.109,314.8,4.479,266.6,13.18,0.0,3,2,2022
87,35.0,12.34,16.91,7.15,90.5,100.0,36.92,0.511,93.6,2.773,131.1,10.8,0.0,4,2,2022
86,36.0,14.39,17.19,10.67,80.9,99.5,39.45,0.499,188.0,2.528,160.5,5.712,0.0,5,2,2022
95,38.0,12.66,16.91,9.54,67.08,87.7,48.06,1.171,325.2,3.45,318.2,14.4,0.0,7,2,2022
111,39.0,13.27,19.24,8.74,52.65,62.36,40.9,1.751,44.8,5.753,118.1,14.58,0.0,8,2,2022
112,40.0,12.6,17.78,8.21,58.89,82.0,40.52,1.465,62.0,4.596,153.9,13.82,0.0,9,2,2022
118,41.0,13.37,16.85,10.21,68.17,84.0,46.25,0.944,342.2,3.606,325.9,15.27,0.0,10,2,2022
119,42.0,12.33,16.38,9.27,72.0,88.7,51.6,1.114,335.9,3.312,329.8,13.68,0.0,11,2,2022
117,43.0,13.3,16.58,11.0,70.0,91.9,52.18,0.805,30.34,3.606,165.5,11.56,0.0,12,2,2022
123,45.0,14.55,18.58,10.01,55.31,82.0,23.63,2.204,320.0,8.08,242.4,15.6,0.0,14,2,2022
123,46.0,13.75,18.79,9.87,45.51,78.6,23.69,1.593,318.1,4.547,20.19,16.02,0.0,15,2,2022
117,47.0,12.73,17.64,9.08,48.12,66.49,25.7,1.063,356.6,3.205,7.77,15.66,0.0,16,2,2022
115,48.0,14.4,18.37,9.21,53.63,88.4,26.97,0.966,348.6,4.43,17.25,16.46,0.0,17,2,2022
115,50.0,14.89,18.77,10.27,75.8,96.3,50.93,1.087,218.4,4.802,262.3,11.38,0.0,19,2,2022
118,52.0,13.44,17.84,9.94,65.6,91.0,43.18,1.121,304.9,3.724,228.7,15.33,0.0,21,2,2022
120,53.0,14.65,19.11,9.87,52.48,70.5,35.38,1.135,26.11,4.39,168.9,17.06,0.0,22,2,2022
119,54.0,14.63,22.11,10.93,48.69,83.4,21.15,1.14,310.9,4.557,19.05,12.02,0.0,23,2,2022
121,55.0,14.62,18.17,10.67,56.07,97.0,33.91,1.228,315.4,5.067,230.4,13.79,1.4,24,2,2022
125,56.0,15.53,19.18,13.33,65.09,100.0,39.78,2.125,90.8,7.7,101.5,11.28,3.2,25,2,2022
132,57.0,15.16,19.19,11.34,54.08,81.5,39.05,2.109,69.01,9.67,109.8,13.58,1.6,26,2,2022
127,59.0,13.69,17.39,10.4,59.21,84.8,41.84,1.049,108.3,4.606,127.0,8.83,0.0,28,2,2022
124,60.0,13.03,17.91,8.81,60.37,84.7,44.99,1.131,312.7,4.096,245.1,18.43,0.0,1,3,2022
121,61.0,13.79,18.31,9.41,55.49,82.2,42.46,1.671,295.6,4.812,247.8,18.26,0.0,2,3,2022
120,62.0,14.53,18.85,10.47,61.54,89.8,42.05,2.311,281.4,8.94,231.4,15.72,0.2,3,3,2022
118,63.0,13.81,17.19,9.53,49.54,60.94,34.83,1.217,36.34,8.71,241.1,8.26,0.0,4,3,2022
112,64.0,14.45,17.85,12.0,51.3,62.2,39.25,1.823,314.2,5.204,232.9,15.25,0.0,5,3,2022
117,66.0,13.56,17.65,11.13,61.45,80.7,46.91,1.523,304.7,6.086,235.9,16.26,0.0,7,3,2022
119,67.0,13.23,17.92,9.27,59.53,79.1,41.77,2.077,308.2,6.105,279.7,13.78,0.0,8,3,2022
119,68.0,14.04,19.32,9.74,52.07,74.9,36.63,1.809,35.07,4.714,312.2,19.18,0.0,9,3,2022
118,69.0,14.13,18.57,10.53,58.29,83.0,44.39,1.194,299.2,4.038,247.7,19.23,0.0,10,3,2022
117,70.0,13.67,17.78,9.87,73.2,100.0,54.67,2.329,283.4,7.11,236.8,11.41,2.0,11,3,2022
107,71.0,14.63,17.85,10.6,68.67,100.0,47.05,2.373,283.1,7.35,266.5,19.36,0.0,12,3,2022
91,73.0,16.81,22.39,14.13,63.84,100.0,30.56,1.51,245.9,8.02,0.095,8.5,0.0,14,3,2022
132,76.0,14.24,17.65,11.94,86.9,100.0,58.59,0.736,282.4,3.557,247.2,5.165,0.4,17,3,2022
171,77.0,14.97,19.25,12.34,77.5,95.8,54.12,0.972,308.2,3.753,201.7,6.634,0.6000000000000001,18,3,2022
163,78.0,14.39,19.25,11.0,67.26,93.7,48.04,1.424,57.74,5.214,147.9,8.45,0.0,19,3,2022
162,80.0,14.7,20.19,12.34,75.2,100.0,44.71,1.475,322.4,6.35,6.067,11.22,7.8,21,3,2022
152,81.0,15.11,18.18,11.8,73.6,88.1,52.26,1.516,59.79,5.508,85.3,11.53,0.2,22,3,2022
143,82.0,16.44,21.58,13.27,70.4,100.0,44.77,1.838,70.2,6.096,9.95,8.24,6.4,23,3,2022
133,83.0,20.3,22.71,16.13,34.65,71.6,24.62,3.93,63.86,10.01,28.7,2.402,0.0,24,3,2022
91,85.0,13.34,16.13,11.4,83.9,95.5,62.28,1.061,355.9,4.39,13.56,4.821,4.6,26,3,2022
90,87.0,16.19,22.17,12.07,65.34,96.1,41.76,1.741,226.1,7.13,240.5,10.12,0.0,28,3,2022
92,88.0,15.38,17.91,12.34,87.9,100.0,64.33,2.093,262.3,6.429,258.8,10.94,1.2,29,3,2022
92,88.0,15.38,17.91,12.34,87.9,100.0,64.33,2.093,262.3,6.429,258.8,10.94,1.2,29,3,2022
92,213.0,27.09,29.81,24.44,78.4,87.1,67.48,0.635,164.2,2.479,193.7,24.11,0.0,1,8,2022
144,214.0,26.94,30.81,23.91,69.16,86.1,52.81,0.647,224.7,2.911,5.116,25.71,0.0,2,8,2022
164,215.0,28.18,32.08,23.99,56.87,76.2,32.22,1.105,275.4,4.43,160.2,25.71,0.0,3,8,2022
192,216.0,29.29,34.17,24.84,49.45,70.2,21.81,1.471,265.3,5.439,146.8,25.89,0.0,4,8,2022
196,217.0,28.11,31.42,23.44,57.79,76.4,24.88,1.43,272.8,4.733,248.0,25.55,0.0,5,8,2022
172,218.0,27.38,31.41,23.79,61.15,77.5,45.44,1.164,280.4,4.165,236.3,25.78,0.0,6,8,2022
187,220.0,26.32,30.28,22.72,64.03,78.5,51.24,0.915,285.2,3.636,253.7,24.67,0.0,8,8,2022
180,221.0,28.85,34.55,23.65,60.11,80.6,30.34,1.347,343.7,5.076,115.2,19.62,0.0,9,8,2022
161,222.0,28.66,35.41,23.71,63.1,83.7,31.34,1.5779999999999998,251.6,6.2620000000000005,252.0,23.57,0.0,10,8,2022
191,223.0,26.85,30.42,22.39,66.92,84.5,36.76,1.325,273.0,4.841,253.9,23.79,0.0,11,8,2022
133,228.0,21.63,25.37,18.32,75.5,89.4,58.37,1.994,246.1,5.792,284.6,24.33,0.0,16,8,2022
104,229.0,20.51,24.83,17.2,73.1,88.6,50.03,1.82,246.6,7.59,256.5,24.97,0.0,17,8,2022
119,232.0,25.17,31.03,21.38,58.91,80.0,32.22,0.778,325.0,3.822,172.7,24.54,0.0,20,8,2022
131,234.0,23.26,27.69,18.39,78.5,86.2,66.09,0.497,123.5,2.95,167.6,23.19,0.0,22,8,2022
133,235.0,25.39,28.96,22.12,71.3,86.0,50.24,1.085,228.6,4.733,138.5,23.76,0.0,23,8,2022
113,236.0,25.5,30.22,21.78,69.48,89.6,47.88,1.166,260.0,3.832,261.7,21.9,0.0,24,8,2022
106,237.0,24.64,28.96,21.85,79.3,91.1,61.69,0.894,239.2,4.43,239.0,22.78,0.0,25,8,2022
112,239.0,25.97,29.48,22.59,72.4,86.6,55.3,0.864,240.4,3.548,155.5,23.12,0.0,27,8,2022
110,241.0,27.02,31.42,24.44,68.01,82.0,36.56,1.331,248.8,5.949,259.2,15.81,0.0,29,8,2022
121,242.0,26.67,33.24,23.84,72.6,86.1,37.42,1.062,248.3,5.263,223.1,16.46,0.0,30,8,2022
140,243.0,27.58,31.15,23.98,58.59,74.2,42.62,1.128,261.5,5.302,1.231,19.8,0.0,31,8,2022
146,244.0,25.19,28.37,22.72,70.2,84.5,50.04,1.194,252.6,5.086,252.1,16.95,0.0,1,9,2022
151,245.0,25.09,28.9,20.78,68.76,87.5,31.69,1.703,246.1,5.586,254.2,16.6,0.0,2,9,2022
153,246.0,23.02,25.64,20.06,73.3,84.9,53.9,1.724,252.2,6.301,236.9,9.83,0.0,3,9,2022
152,248.0,21.46,25.77,17.99,71.6,86.0,40.95,1.56,238.1,6.154,259.9,22.09,0.0,5,9,2022
157,249.0,20.96,25.5,17.59,75.0,85.2,56.76,0.704,213.0,3.557,288.3,21.98,0.0,6,9,2022
132,250.0,21.96,26.65,18.19,67.78,84.7,23.22,0.917,229.6,4.479,153.2,20.66,0.0,7,9,2022
120,251.0,21.05,25.63,16.73,78.6,87.8,52.29,0.528,207.3,2.352,176.0,21.58,0.0,8,9,2022
115,252.0,21.78,26.29,16.27,73.9,89.1,50.04,0.541,173.1,2.156,170.9,19.39,0.2,9,9,2022
108,253.0,23.63,27.89,19.32,64.94,81.6,41.17,0.645,81.3,2.822,337.2,20.69,0.0,10,9,2022
112,255.0,25.79,30.9,22.85,73.6,91.5,35.36,1.202,123.6,5.782,201.6,15.59,0.0,12,9,2022
115,256.0,25.73,29.3,23.11,61.15,80.3,42.62,2.065,276.9,6.958,292.3,9.35,0.0,13,9,2022
112,257.0,22.89,25.9,19.38,66.84,81.8,52.3,3.098,260.2,7.36,250.0,14.48,0.0,14,9,2022
110,258.0,20.55,23.97,17.92,78.7,88.4,66.38,1.149,240.6,4.851,226.6,20.7,0.0,15,9,2022
134,262.0,23.61,28.49,18.93,70.5,90.2,49.02,0.732,261.3,3.263,246.6,18.82,0.0,19,9,2022
151,263.0,23.2,26.76,20.32,70.5,80.7,57.55,0.61,268.0,2.205,170.7,18.65,0.0,20,9,2022
181,264.0,23.25,26.56,20.52,70.3,87.5,50.89,0.843,284.4,4.547,278.1,18.73,0.8,21,9,2022
204,265.0,23.18,27.22,20.52,69.91,83.7,58.44,0.745,274.5,2.989,289.5,17.82,0.0,22,9,2022
227,266.0,22.64,26.16,18.73,71.1,80.7,60.99,0.77,300.4,3.156,330.8,19.52,0.0,23,9,2022
213,267.0,22.38,25.77,18.32,67.22,84.3,55.29,1.414,275.3,5.9190000000000005,235.7,19.36,0.0,24,9,2022
195,269.0,20.0,23.3,15.46,56.28,76.3,29.36,2.11,279.8,6.4879999999999995,235.6,19.84,0.0,26,9,2022
191,270.0,18.92,23.04,14.01,65.88,85.2,35.37,1.829,282.5,6.733,270.4,19.46,0.0,27,9,2022
191,270.0,18.92,23.04,14.01,65.88,85.2,35.37,1.829,282.5,6.733,270.4,19.46,0.0,27,9,2022
186,271.0,19.02,23.23,14.26,71.2,85.7,45.46,1.654,262.3,7.59,261.8,19.33,0.0,28,9,2022
186,272.0,19.16,24.45,15.0,66.04,85.2,32.56,3.448,260.9,9.4,246.3,16.59,0.0,29,9,2022
182,273.0,18.39,24.1,13.47,65.68,85.0,43.15,0.877,110.3,4.439,232.3,19.08,0.0,30,9,2022
165,274.0,19.43,23.64,16.53,54.55,69.74,38.17,1.092,37.18,3.381,2.085,18.78,0.0,1,10,2022
160,276.0,20.82,23.57,17.79,71.8,92.6,51.44,1.005,230.6,5.753,230.8,14.56,0.0,3,10,2022
169,277.0,20.01,23.37,17.79,90.1,99.6,74.4,0.509,206.1,2.323,157.2,15.29,0.0,4,10,2022
165,278.0,21.86,25.63,18.32,68.3,95.0,43.23,0.792,322.1,3.322,350.3,14.94,1.0,5,10,2022
167,279.0,21.96,26.23,19.19,68.18,79.1,54.63,1.094,354.2,4.39,154.6,14.21,0.0,6,10,2022
186,280.0,22.14,27.17,19.39,65.9,81.0,45.84,1.161,303.8,3.949,251.0,15.9,0.0,7,10,2022
187,281.0,21.83,25.77,17.99,70.2,82.9,55.56,0.747,272.4,3.5869999999999997,249.2,15.42,0.0,8,10,2022
192,283.0,21.52,25.7,18.93,77.5,92.7,60.78,0.768,283.9,4.812,232.9,15.24,0.0,10,10,2022
186,284.0,20.93,24.97,18.12,74.9,88.0,57.83,0.912,28.44,4.694,171.4,12.75,0.0,11,10,2022
149,286.0,21.26,25.37,17.92,68.92,83.1,49.56,1.031,332.6,4.773,156.2,16.41,0.0,13,10,2022
134,287.0,20.91,23.57,17.92,69.52,83.4,47.11,0.799,304.9,2.754,306.6,16.24,0.0,14,10,2022
130,288.0,21.41,26.43,17.0,57.28,82.0,34.82,0.876,287.7,3.489,267.8,14.05,0.0,15,10,2022
112,290.0,23.62,28.82,19.66,65.56,83.5,35.56,0.988,83.6,4.635,110.6,15.4,0.0,17,10,2022
97,291.0,23.18,29.57,19.98,68.66,95.9,35.57,1.123,218.6,4.224,267.8,13.47,0.0,18,10,2022
93,292.0,21.84,25.03,19.45,87.0,96.1,70.3,0.639,222.4,5.635,269.8,12.53,0.0,19,10,2022
99,293.0,21.07,23.03,19.39,89.1,94.0,76.2,0.588,226.6,2.391,168.9,7.49,0.0,20,10,2022
102,294.0,21.17,24.77,18.66,82.9,96.6,52.89,1.698,258.0,4.949,260.2,14.14,0.0,21,10,2022
106,295.0,20.54,25.3,17.46,80.7,88.0,55.92,0.494,78.1,3.077,145.1,9.5,0.0,22,10,2022
110,297.0,21.34,24.57,16.52,62.97,87.0,28.23,0.652,50.9,3.499,16.3,14.81,0.0,24,10,2022
98,298.0,21.85,27.97,16.39,55.52,84.8,25.35,0.8310000000000001,56.21,3.734,333.8,14.07,0.0,25,10,2022
96,299.0,21.63,26.83,17.13,55.38,76.1,27.49,0.6880000000000001,11.79,3.989,271.6,9.92,0.0,26,10,2022
89,300.0,21.91,25.97,16.66,50.32,86.0,25.56,0.798,334.5,3.548,310.2,14.47,0.0,27,10,2022
92,301.0,20.3,24.38,16.93,62.01,86.0,33.37,0.713,354.9,2.95,336.2,13.83,0.0,28,10,2022
112,302.0,19.93,25.03,15.46,62.88,82.5,34.77,0.6000000000000001,328.0,3.107,267.6,12.05,0.0,29,10,2022
113,304.0,20.32,23.92,17.19,74.9,89.7,57.99,1.1,285.8,3.734,237.8,9.12,0.0,31,10,2022
106,306.0,19.17,23.23,15.87,71.2,89.6,47.65,0.646,332.3,3.087,341.0,12.51,0.0,2,11,2022
107,307.0,18.76,22.12,16.0,73.4,83.8,57.53,1.687,303.6,5.517,252.8,7.98,0.0,3,11,2022
122,308.0,20.06,24.3,16.67,59.52,79.3,41.64,0.861,352.8,3.352,0.095,13.13,0.0,4,11,2022
114,309.0,19.01,23.97,15.46,58.04,73.8,45.45,1.189,5.787,3.714,320.3,13.67,0.0,5,11,2022
115,311.0,17.71,21.9,14.2,69.13,88.8,39.65,0.853,317.5,3.224,340.5,13.34,0.0,7,11,2022
105,312.0,18.04,22.37,13.93,63.59,85.0,39.85,1.531,293.8,5.4879999999999995,238.3,10.98,0.0,8,11,2022
95,313.0,17.82,22.17,13.74,71.4,87.0,41.66,0.876,315.2,4.871,230.6,10.56,0.0,9,11,2022
83,314.0,18.56,22.71,15.53,65.7,84.8,51.85,1.088,26.31,3.812,346.1,12.99,0.0,10,11,2022
77,315.0,20.33,25.19,15.0,52.46,78.0,31.63,1.758,46.52,6.527,117.4,9.15,0.0,11,11,2022
81,316.0,22.6,25.97,17.92,45.05,63.37,33.69,1.336,58.04,4.792,134.8,10.58,0.0,12,11,2022
81,318.0,17.35,21.17,14.07,71.2,85.6,54.33,1.091,319.8,3.342,0.095,11.95,0.0,14,11,2022
92,319.0,18.28,20.38,13.47,73.5,86.0,54.73,3.149,275.3,8.61,328.1,6.712,0.0,15,11,2022
109,320.0,19.21,21.12,17.72,77.3,88.8,55.31,4.079,261.1,8.77,258.6,4.981,0.8,16,11,2022
109,321.0,19.47,21.45,17.39,70.7,81.7,58.79,4.542,270.0,11.49,267.3,11.97,0.0,17,11,2022
96,322.0,15.77,18.53,11.4,75.2,87.4,45.59,2.581,280.4,8.29,269.3,2.983,1.4,18,11,2022
95,323.0,13.9,19.58,10.21,48.73,64.03,35.96,1.789,349.4,6.909,234.3,10.06,0.0,19,11,2022
93,325.0,15.87,20.26,12.31,61.37,84.2,34.43,3.95,287.99,12.96,252.1,9.96,0.2,21,11,2022
81,326.0,17.55,22.17,13.99,46.81,65.67,26.16,2.081,273.5,12.51,288.6,11.72,0.0,22,11,2022
74,327.0,16.61,24.63,10.4,63.55,89.9,39.02,1.5,335.9,5.782,288.6,10.53,0.0,23,11,2022
66,328.0,15.31,20.38,10.6,76.5,90.8,53.27,0.877,315.8,4.9,346.4,12.62,0.0,24,11,2022
78,329.0,15.19,19.53,11.07,79.1,91.6,58.27,0.767,32.15,3.989,0.095,9.85,0.0,25,11,2022
80,330.0,15.07,21.25,11.6,63.62,81.6,42.84,1.697,7.47,4.39,354.6,12.43,0.0,26,11,2022
88,332.0,14.2,21.05,8.28,60.14,76.7,47.86,1.093,356.8,5.008,331.1,12.28,0.0,28,11,2022
89,333.0,13.66,19.53,10.61,57.43,87.0,33.84,1.987,359.6,5.429,350.5,11.93,0.0,29,11,2022
82,334.0,12.89,18.13,9.54,67.14,89.1,41.52,1.349,347.3,4.861,347.9,10.49,0.0,30,11,2022
88,335.0,13.2,17.79,9.87,68.9,78.5,53.18,1.335,10.59,4.537,330.7,5.317,0.0,1,12,2022
112,336.0,13.66,17.92,10.6,65.23,75.6,50.8,1.512,317.7,3.783,251.9,8.18,0.0,2,12,2022
114,337.0,13.6,18.32,10.34,62.9,79.7,45.05,1.44,332.1,4.439,13.18,10.76,0.0,3,12,2022
110,339.0,16.83,22.73,12.94,62.66,86.6,38.91,1.824,33.81,5.39,351.6,7.43,2.0,5,12,2022
107,341.0,15.04,18.93,12.6,78.8,93.2,58.86,0.999,354.2,3.342,343.7,10.01,0.0,7,12,2022
108,342.0,16.09,19.52,13.54,76.5,86.5,61.32,0.997,326.2,5.057,276.5,6.102,1.0,8,12,2022
115,343.0,15.76,17.93,13.53,92.6,99.6,73.3,2.117,269.9,6.664,269.5,1.904,39.6,9,12,2022
124,344.0,17.08,20.85,14.2,61.07,88.0,35.17,3.004,281.0,8.62,255.0,10.82,0.0,10,12,2022
131,346.0,17.43,20.05,13.73,73.2,88.6,54.12,3.051,276.7,8.17,266.3,10.17,0.0,12,12,2022
131,347.0,17.92,20.39,16.26,83.2,91.9,70.3,4.001,262.7,10.21,264.4,2.643,1.2,13,12,2022
126,348.0,16.18,18.26,14.8,95.1,100.0,78.1,1.694,252.4,7.37,252.8,1.051,16.8,14,12,2022
131,349.0,14.23,16.67,11.54,84.9,100.0,69.89,2.583,266.0,7.92,287.6,6.573,26.6,15,12,2022
136,350.0,12.38,15.81,10.54,84.5,97.3,67.77,1.195,334.8,4.096,341.8,3.881,11.4,16,12,2022
123,351.0,13.71,18.2,10.81,71.9,87.2,46.72,2.205,336.5,5.527,255.9,11.03,0.0,17,12,2022
83,353.0,13.39,17.79,10.81,67.61,84.8,44.25,2.308,326.7,5.233,0.0,11.15,0.0,19,12,2022
80,354.0,13.25,16.92,9.81,77.8,91.1,61.35,1.836,309.5,5.419,263.7,9.46,0.0,20,12,2022
84,355.0,15.41,20.18,12.0,70.5,88.8,58.78,0.985,10.08,5.272,348.8,10.15,0.0,21,12,2022
74,356.0,15.44,20.33,12.53,69.2,91.6,46.51,1.642,336.7,5.214,13.08,10.92,0.0,22,12,2022
81,357.0,12.9,17.67,9.47,86.9,99.5,63.54,0.5660000000000001,359.6,3.146,0.379,8.18,0.0,23,12,2022
84,358.0,13.45,17.31,9.54,86.2,99.3,60.61,0.613,335.6,3.185,341.8,9.9,0.2,24,12,2022
87,360.0,15.45,19.65,12.2,60.67,80.0,42.51,1.407,346.7,4.841,349.7,10.71,0.0,26,12,2022
91,361.0,15.72,21.05,12.47,58.49,81.6,43.06,1.667,16.21,5.39,353.3,11.25,0.0,27,12,2022
91,361.0,15.72,21.05,12.47,58.49,81.6,43.06,1.667,16.21,5.39,353.3,11.25,0.0,27,12,2022
109,362.0,14.52,19.46,11.27,60.5,90.8,36.91,1.615,339.4,6.086,0.095,11.26,0.0,28,12,2022
99,363.0,13.53,18.32,10.01,65.56,85.8,44.39,1.663,346.9,4.292,351.9,10.89,0.0,29,12,2022
104,364.0,14.63,19.13,11.13,62.86,92.1,40.58,1.5,343.7,5.184,345.0,11.02,0.0,30,12,2022
91,365.0,13.78,18.19,10.73,63.75,86.4,47.6,1.494,3.293,5.057,344.3,10.2,0.0,31,12,2022
94,2.0,14.03,19.33,10.8,59.3,88.6,39.52,0.962,343.3,3.577,351.7,9.35,0.0,2,1,2023
87,3.0,14.32,19.32,11.01,78.0,91.9,62.01,1.017,25.93,3.42,1.896,10.41,0.0,3,1,2023
100,4.0,13.92,19.78,10.74,75.0,91.5,51.04,1.748,13.41,4.841,0.095,9.53,0.0,4,1,2023
110,5.0,14.12,19.59,10.41,70.8,84.4,44.97,1.774,10.78,4.978,3.981,9.72,0.0,5,1,2023
115,7.0,13.39,17.92,9.54,67.77,78.4,51.38,2.345,329.8,5.4,2.37,11.66,0.0,7,1,2023
123,10.0,15.75,20.46,11.87,65.61,86.4,45.38,1.897,324.2,5.243,0.095,11.88,0.0,10,1,2023
127,11.0,14.27,18.65,11.48,71.8,86.7,59.08,1.024,3.032,4.204,6.731,12.04,0.0,11,1,2023
117,12.0,14.21,19.4,11.47,68.96,89.1,46.38,1.534,1.952,4.802,348.3,12.03,0.0,12,1,2023
114,13.0,13.11,17.78,10.01,74.3,90.1,54.54,1.747,324.6,4.106,16.59,11.14,0.0,13,1,2023
110,14.0,12.68,18.2,9.48,68.53,84.5,42.85,1.987,334.0,5.478,338.4,12.31,0.0,14,1,2023
145,17.0,15.67,17.4,14.4,62.26,85.5,33.44,7.05,261.4,12.49,267.3,9.98,0.4,17,1,2023
168,18.0,12.63,15.46,6.077,39.73,58.63,27.03,3.989,281.1,13.12,264.1,13.32,0.0,18,1,2023
154,19.0,11.02,15.19,5.876,42.47,58.27,24.98,2.098,326.0,6.693,339.7,13.31,0.0,19,1,2023
134,20.0,12.99,20.32,6.477,56.68,82.6,37.05,1.202,356.3,5.772,351.7,12.34,0.0,20,1,2023
131,21.0,13.63,17.87,11.14,65.77,84.0,46.79,1.73,42.24,6.233,341.8,13.23,0.0,21,1,2023
145,23.0,9.48,14.32,4.949,49.2,60.98,28.1,1.966,43.68,5.9,6.924,13.62,0.0,23,1,2023
161,24.0,9.93,15.19,5.142,49.57,59.97,29.11,2.103,46.16,7.17,99.4,13.97,0.0,24,1,2023
174,25.0,9.61,13.99,6.077,54.38,62.83,40.8,1.367,332.9,4.753,330.0,12.26,0.0,25,1,2023
175,26.0,10.15,16.72,6.01,46.71,61.77,26.09,1.713,6.29,5.713,348.3,13.04,0.0,26,1,2023
172,27.0,10.32,15.65,7.15,45.6,61.95,33.57,2.084,335.4,5.312,349.0,13.93,0.0,27,1,2023
169,28.0,10.82,15.68,7.28,49.03,68.24,31.45,1.867,357.4,5.87,0.0,12.53,0.0,28,1,2023
186,30.0,10.29,16.06,6.016,56.67,70.1,39.85,2.257,39.02,6.635,129.3,13.9,0.0,30,1,2023
209,31.0,10.39,15.98,6.21,52.21,69.42,33.52,2.045,331.5,5.459,5.595,14.74,0.0,31,1,2023
216,32.0,10.6,16.72,6.144,55.45,77.6,29.91,2.053,9.83,4.959,348.3,14.6,0.0,1,2,2023
214,33.0,11.07,17.39,6.611,58.86,70.4,39.17,1.959,347.6,5.008,352.9,14.34,0.0,2,2,2023
223,34.0,11.09,16.91,6.945,58.77,78.2,40.07,1.959,337.2,5.361,350.0,14.9,0.0,3,2,2023
305,37.0,12.08,15.99,7.81,64.43,81.9,50.67,1.784,49.67,5.253,345.8,14.55,0.0,6,2,2023
322,38.0,11.81,15.87,8.41,61.92,76.0,44.53,1.253,42.15,5.625,110.4,4.73,0.6000000000000001,7,2,2023
323,39.0,12.43,18.65,9.27,69.27,88.3,46.64,1.526,25.57,6.135,344.8,10.99,6.0,8,2,2023
335,40.0,12.3,17.47,8.21,59.92,75.5,44.04,2.775,64.56,7.73,79.9,12.86,0.0,9,2,2023
328,41.0,11.89,15.26,7.14,46.25,66.7,31.17,3.239,75.2,9.64,99.4,13.87,0.0,10,2,2023
324,42.0,13.72,17.26,11.2,40.04,49.07,29.7,2.853,68.41,8.85,87.7,15.39,0.0,11,2,2023
335,44.0,14.1,19.12,8.28,48.65,66.04,36.85,2.111,60.25,8.16,131.9,15.84,0.0,13,2,2023
365,45.0,15.7,19.39,13.0,43.95,52.58,37.44,2.08,40.41,6.644,354.2,7.54,0.0,14,2,2023
376,46.0,15.54,19.65,12.34,45.96,64.14,32.09,1.338,39.91,6.105,100.7,6.281,0.2,15,2,2023
375,47.0,16.45,19.72,13.53,41.28,60.21,33.97,1.624,56.83,6.39,116.8,10.18,0.0,16,2,2023
343,48.0,15.53,18.0,12.93,46.5,69.49,32.24,1.326,42.57,6.889,122.9,2.975,0.8,17,2,2023
349,49.0,16.86,21.65,11.54,48.36,79.6,32.57,1.753,63.15,7.55,114.4,8.77,0.0,18,2,2023
338,51.0,17.37,22.45,11.73,46.95,87.0,25.76,1.846,69.16,6.145,104.7,14.76,1.4,20,2,2023
333,52.0,15.04,17.53,11.34,80.3,92.4,55.6,1.396,237.9,6.997,0.284,9.62,0.8,21,2,2023
329,53.0,14.39,18.52,10.54,75.6,88.6,54.62,0.956,307.1,3.606,255.7,15.43,0.0,22,2,2023
300,54.0,14.3,18.12,10.54,67.75,84.6,44.39,2.528,308.9,8.03,270.4,15.9,0.0,23,2,2023
266,55.0,12.97,16.79,9.34,48.99,63.93,37.38,2.243,334.3,4.91,0.0,11.93,0.0,24,2,2023
275,58.0,11.1,16.33,7.21,49.81,60.37,39.44,2.5620000000000003,40.08,5.978,341.6,10.21,0.0,27,2,2023
285,60.0,11.28,16.19,6.144,45.16,56.0,31.05,3.003,315.9,7.73,245.8,18.51,0.0,1,3,2023
308,61.0,10.92,16.05,6.5440000000000005,43.49,62.62,29.98,2.1,345.7,5.341,5.879,18.52,0.0,2,3,2023
327,62.0,11.55,17.25,6.945,49.38,62.35,30.84,2.529,324.0,5.645,2.086,18.94,0.0,3,3,2023
336,63.0,11.66,16.6,7.68,59.87,78.4,44.25,2.221,23.05,5.37,349.6,18.89,0.0,4,3,2023
331,65.0,14.37,19.66,10.01,65.42,91.0,41.18,2.833,287.9,7.48,269.9,13.21,1.2,6,3,2023
331,66.0,15.74,18.32,13.0,79.0,100.0,56.68,3.792,264.3,9.86,257.0,17.72,4.4,7,3,2023
320,67.0,16.47,19.86,12.2,70.1,89.2,54.27,2.727,275.5,8.48,267.7,18.85,0.0,8,3,2023
322,68.0,16.29,18.79,12.2,75.8,91.7,57.14,3.453,263.6,10.48,240.2,13.89,0.0,9,3,2023
323,69.0,16.83,23.64,12.2,65.5,89.3,38.03,1.243,310.3,5.459,0.0,18.92,0.0,10,3,2023
314,70.0,15.86,21.51,11.34,79.2,92.1,53.45,0.765,121.9,3.303,149.2,20.31,0.0,11,3,2023
294,72.0,16.47,21.67,11.87,64.57,84.7,42.11,1.204,281.3,5.694,253.9,18.33,0.0,13,3,2023
242,73.0,17.01,22.78,12.07,57.31,81.2,40.45,1.228,18.93,5.263,112.7,20.65,0.0,14,3,2023
170,74.0,15.97,19.58,11.74,59.35,81.7,42.92,1.324,48.52,4.635,354.6,20.88,0.0,15,3,2023
149,75.0,16.41,22.11,12.27,55.66,83.2,31.09,1.444,293.2,6.145,0.095,21.15,0.0,16,3,2023
146,76.0,15.17,19.58,11.01,68.16,87.4,48.33,1.346,294.0,6.164,240.5,19.03,0.0,17,3,2023
137,79.0,15.08,18.98,11.27,65.03,80.2,52.34,1.059,291.8,3.381,151.2,21.48,0.0,20,3,2023
162,80.0,14.8,19.12,11.54,67.52,85.5,51.41,0.928,299.3,3.724,353.3,20.66,0.0,21,3,2023
189,81.0,14.96,19.51,10.41,65.42,80.0,52.08,0.851,301.1,2.803,0.19,22.02,0.0,22,3,2023
216,82.0,15.38,20.05,10.61,63.05,80.0,43.6,0.919,302.8,4.008,228.4,22.37,0.0,23,3,2023
214,83.0,16.18,20.72,11.41,69.7,89.7,41.92,1.508,293.5,6.203,244.9,20.77,0.0,24,3,2023
219,84.0,16.57,21.5,11.41,75.2,87.8,53.97,0.763,205.6,2.999,170.0,21.94,0.0,25,3,2023
219,86.0,18.11,24.91,12.54,57.64,86.8,19.88,1.395,85.6,5.272,354.4,20.82,0.0,27,3,2023
213,87.0,16.48,23.31,10.28,59.57,84.4,18.02,1.485,79.0,4.635,160.5,22.06,0.0,28,3,2023
213,87.0,16.48,23.31,10.28,59.57,84.4,18.02,1.485,79.0,4.635,160.5,22.06,0.0,28,3,2023
187,88.0,15.66,20.24,10.74,71.8,84.3,55.54,1.162,287.9,4.204,244.2,22.46,0.0,29,3,2023
167,89.0,15.84,20.65,11.8,78.8,97.6,62.52,1.08,297.8,4.586,234.8,21.33,0.0,30,3,2023
169,90.0,18.54,24.38,12.4,67.56,97.7,34.9,0.841,275.5,5.184,265.1,19.52,0.0,31,3,2023
175,91.0,20.15,26.3,14.93,53.24,76.1,36.97,1.359,316.1,4.322,352.3,20.92,0.0,1,4,2023
178,93.0,16.34,22.04,12.4,56.86,71.1,36.76,1.47,11.05,4.89,342.3,23.4,0.0,3,4,2023
180,94.0,15.67,20.12,11.6,60.14,67.56,44.38,1.622,63.9,4.929,170.8,19.44,0.0,4,4,2023
213,95.0,16.86,22.18,11.21,47.02,62.74,32.16,2.099,67.65,7.09,128.5,23.86,0.0,5,4,2023
199,100.0,16.91,21.44,11.08,81.1,94.3,69.51,0.651,210.9,2.646,238.5,22.43,0.0,10,4,2023
194,101.0,17.34,21.31,13.27,85.9,98.1,69.91,0.951,221.4,3.146,242.5,22.43,0.0,11,4,2023
187,102.0,17.99,21.91,12.34,74.6,93.4,52.25,2.866,265.5,10.69,269.6,23.78,0.2,12,4,2023
154,103.0,18.25,23.43,13.74,64.25,81.4,43.09,1.018,261.3,4.841,248.0,23.15,0.0,13,4,2023
122,104.0,17.32,21.24,12.94,63.78,82.5,29.9,1.216,314.3,4.557,348.2,23.23,0.0,14,4,2023
109,105.0,19.48,26.5,14.06,53.36,77.4,32.83,1.301,337.2,5.096,25.21,24.3,0.0,15,4,2023
109,107.0,16.76,20.78,11.94,59.03,68.83,43.9,1.536,107.5,5.674,129.4,24.53,0.0,17,4,2023
124,108.0,18.19,24.18,12.6,43.97,62.89,27.83,2.142,76.3,6.556,108.9,24.97,0.0,18,4,2023
133,109.0,17.88,21.64,13.66,58.2,78.7,39.65,1.895,262.7,5.821,260.1,20.28,0.0,19,4,2023
128,110.0,17.59,21.38,14.2,65.13,78.9,45.65,1.373,274.6,5.106,253.1,24.54,0.0,20,4,2023
149,111.0,18.02,21.97,12.74,65.21,83.8,46.26,1.25,259.4,4.929,231.4,24.53,0.0,21,4,2023
158,112.0,18.28,21.64,14.33,75.2,89.1,61.51,2.446,259.5,7.32,240.0,21.6,0.0,22,4,2023
146,114.0,19.28,24.17,14.74,64.66,83.6,43.12,0.834,249.9,3.234,250.9,25.12,0.0,24,4,2023
160,115.0,19.09,23.43,14.46,64.98,83.5,41.85,0.885,246.6,4.047,261.4,25.3,0.0,25,4,2023
119,116.0,19.3,26.1,13.2,71.7,94.2,35.08,0.636,143.1,3.009,354.5,25.27,0.0,26,4,2023
106,117.0,19.08,23.18,14.2,82.0,95.3,65.91,0.734,175.8,3.479,151.1,22.82,0.0,27,4,2023
114,118.0,21.51,25.03,16.79,66.42,88.0,34.96,1.36,256.8,6.203,14.78,20.32,0.0,28,4,2023
101,122.0,20.92,26.18,15.06,63.45,92.6,42.63,1.346,91.8,4.243,126.9,22.67,0.0,2,5,2023
103,123.0,20.41,28.3,15.33,53.69,82.6,18.54,1.338,107.5,5.263,128.4,22.13,0.0,3,5,2023
96,124.0,19.22,23.17,14.93,70.6,91.8,45.19,0.952,247.8,3.214,243.2,22.61,0.0,4,5,2023
105,125.0,19.59,22.96,15.33,77.6,91.7,59.96,0.707,210.6,2.969,351.5,23.76,0.0,5,5,2023
98,126.0,20.12,24.23,16.26,80.2,92.9,63.0,0.893,245.0,3.92,250.1,22.39,0.0,6,5,2023
113,128.0,20.49,24.5,16.93,78.3,93.2,62.06,1.116,250.0,3.646,4.075,23.74,0.0,8,5,2023
112,129.0,20.64,24.63,17.39,81.0,93.5,62.36,0.975,244.4,3.949,233.7,23.58,0.0,9,5,2023
126,135.0,19.73,24.98,13.74,70.7,94.0,37.82,1.103,247.7,5.331,249.8,27.06,0.0,15,5,2023
148,136.0,20.9,29.18,16.52,57.2,72.1,28.7,1.153,147.3,4.253,129.6,26.59,0.0,16,5,2023
148,137.0,19.6,24.44,16.26,61.75,86.7,33.5,1.599,309.5,4.939,266.3,15.19,1.6,17,5,2023
137,138.0,18.9,23.78,15.8,63.51,78.4,45.7,1.655,4.629,6.282,138.9,18.79,0.0,18,5,2023
151,139.0,17.53,22.52,14.86,71.2,85.8,52.92,1.502,307.8,6.056,255.8,15.32,12.2,19,5,2023
137,142.0,16.18,18.12,14.53,73.5,94.8,56.53,1.343,343.2,5.547,28.43,2.968,17.4,22,5,2023
178,143.0,18.27,21.91,14.53,68.6,80.3,49.92,1.451,275.8,4.959,254.8,25.27,0.0,23,5,2023
206,144.0,18.67,22.64,15.33,71.5,83.7,55.5,1.322,281.9,4.626,248.0,24.78,0.0,24,5,2023
209,145.0,19.36,23.44,15.8,70.6,91.2,51.85,1.256,287.6,4.792,237.9,25.44,0.0,25,5,2023
178,146.0,21.51,26.57,16.6,67.79,90.1,46.16,1.766,100.6,5.753,103.5,25.38,0.2,26,5,2023
200,147.0,20.78,24.31,18.66,76.3,91.0,55.37,1.303,245.6,5.694,242.4,12.87,0.4,27,5,2023
212,150.0,20.67,24.77,17.39,71.7,89.4,54.39,1.343,275.2,5.057,244.3,23.11,0.0,30,5,2023
157,152.0,21.4,25.11,17.73,67.68,83.5,45.58,1.619,109.6,4.537,158.3,24.67,0.0,1,6,2023
167,153.0,21.2,25.64,18.32,72.7,91.9,47.57,1.321,76.1,7.28,252.1,16.42,1.0,2,6,2023
115,156.0,22.14,24.83,20.25,74.9,86.7,63.16,1.011,152.7,3.45,151.7,25.55,0.0,5,6,2023
157,157.0,23.5,27.63,18.93,64.31,84.2,43.56,1.382,119.6,4.978,121.3,25.81,0.0,6,6,2023
144,158.0,22.17,25.24,19.25,66.55,79.0,42.44,1.787,301.0,6.458,259.8,8.62,1.0,7,6,2023
162,159.0,21.83,25.44,19.51,76.8,95.3,51.91,1.5470000000000002,225.6,5.694,255.7,14.87,7.4,8,6,2023
140,160.0,22.37,25.91,18.06,73.0,93.5,57.57,3.003,272.2,8.7,251.3,26.41,0.2,9,6,2023
141,161.0,22.46,25.44,18.85,74.4,91.6,57.98,1.757,252.2,6.115,216.6,27.71,0.0,10,6,2023
124,163.0,21.4,25.43,17.82,77.81,91.8,63.03,0.92,253.79,3.557,245.4,18.97,0.0,12,6,2023
128,164.0,20.54,23.92,17.07,76.1,98.8,54.52,3.524,258.7,10.18,246.8,26.28,0.0,13,6,2023
83,165.0,22.71,26.97,17.92,62.37,86.1,40.44,1.203,245.0,4.136,12.41,27.86,0.0,14,6,2023
67,170.0,23.45,27.03,20.58,72.8,83.9,62.23,1.139,216.9,4.41,242.8,25.73,0.0,19,6,2023
56,171.0,23.14,27.17,19.79,71.1,91.7,52.83,1.776,240.5,6.635,227.5,25.78,0.0,20,6,2023
57,173.0,23.91,28.97,18.99,69.9,90.2,46.02,0.551,157.6,2.264,172.3,27.27,0.0,22,6,2023
56,174.0,26.16,31.57,21.12,59.82,84.9,38.76,1.56,257.9,4.939,121.0,26.65,0.0,23,6,2023
56,175.0,25.55,29.9,21.92,63.06,81.1,42.5,1.4,239.8,4.557,151.8,26.82,0.0,24,6,2023
60,177.0,26.85,31.76,21.38,53.99,82.8,34.35,0.77,167.8,3.087,225.3,26.72,0.0,26,6,2023
64,178.0,26.56,31.49,22.85,65.63,86.6,38.35,1.082,222.8,3.695,134.7,26.59,0.0,27,6,2023
64,178.0,26.56,31.49,22.85,65.63,86.6,38.35,1.082,222.8,3.695,134.7,26.59,0.0,27,6,2023
63,179.0,26.92,35.44,21.05,62.22,90.4,20.54,1.249,258.0,5.655,0.474,25.38,0.0,28,6,2023
61,180.0,25.32,28.5,21.45,76.8,95.3,65.9,0.73,232.1,2.92,247.8,23.69,0.0,29,6,2023
64,181.0,25.95,29.83,21.12,76.5,94.5,62.09,0.929,161.3,3.646,112.7,25.54,0.0,30,6,2023
67,182.0,26.05,29.1,23.39,77.5,93.5,63.43,0.881,164.7,3.165,137.6,24.75,0.0,1,7,2023
67,184.0,26.56,30.42,22.59,68.03,92.5,52.88,1.065,246.1,3.43,242.1,26.46,0.0,3,7,2023
68,185.0,26.04,29.43,22.99,70.4,92.7,52.44,1.151,262.8,5.204,210.8,25.91,0.0,4,7,2023
69,186.0,26.2,29.89,21.65,79.8,94.5,66.18,1.037,131.2,4.43,143.8,22.65,0.0,5,7,2023
69,187.0,26.78,30.22,24.05,75.5,89.6,63.29,0.99,151.5,3.303,154.0,23.82,0.0,6,7,2023
59,191.0,27.71,30.89,23.92,73.1,85.6,60.45,1.11,188.1,3.989,168.0,23.94,0.0,10,7,2023
56,192.0,27.79,30.96,24.51,78.7,97.7,43.69,1.869,251.9,6.889,352.0,23.43,0.0,11,7,2023
72,194.0,27.37,30.62,22.79,78.9,93.7,66.82,1.063,133.0,4.577,142.8,25.17,0.0,13,7,2023
131,195.0,27.86,32.22,25.11,81.1,98.3,62.35,0.855,223.2,3.802,246.5,20.56,0.0,14,7,2023
136,196.0,27.05,30.9,24.05,74.5,89.4,44.29,2.235,248.3,6.723,234.4,24.66,0.0,15,7,2023
126,199.0,27.88,31.71,23.18,77.0,96.5,21.61,1.875,259.1,6.448,350.0,25.15,0.0,18,7,2023
112,200.0,27.79,31.35,23.65,78.9,96.3,57.31,0.6960000000000001,215.4,3.214,264.1,23.04,0.0,19,7,2023
121,201.0,27.98,32.42,23.72,74.4,95.2,49.49,1.491,273.6,5.87,244.1,23.33,0.0,20,7,2023
122,202.0,26.01,31.17,22.19,69.77,87.1,48.69,1.685,266.0,7.48,244.9,22.43,0.0,21,7,2023
131,203.0,26.07,29.69,20.79,80.3,94.2,65.91,0.881,166.5,3.45,181.5,18.43,0.0,22,7,2023
131,205.0,26.13,29.57,21.92,71.3,94.3,49.42,3.07,252.6,9.03,252.4,21.5,0.0,24,7,2023
131,206.0,23.75,28.37,18.59,71.5,87.8,54.57,1.291,267.6,5.419,246.1,25.94,0.0,25,7,2023
146,207.0,25.02,29.76,17.86,74.8,91.0,61.63,0.5700000000000001,214.7,2.881,149.6,24.91,0.0,26,7,2023
150,208.0,25.64,30.09,21.98,78.4,93.0,59.76,1.56,259.4,5.243,228.4,24.46,0.0,27,7,2023
152,209.0,24.52,28.23,20.99,75.9,92.3,58.76,0.757,231.7,2.832,213.7,24.84,0.0,28,7,2023
161,210.0,25.38,30.02,20.46,71.2,92.3,46.75,0.642,220.3,2.724,215.6,24.03,0.0,29,7,2023
134,212.0,26.12,30.29,21.92,76.5,94.1,59.65,0.984,224.1,3.783,243.8,24.83,0.0,31,7,2023
196,216.0,26.44,30.16,22.65,70.7,86.1,56.89,1.365,122.5,5.331,233.9,23.46,0.0,4,8,2023
191,217.0,25.53,30.57,22.12,67.38,80.1,34.15,1.084,100.2,3.851,157.4,24.33,0.0,5,8,2023
191,219.0,27.35,32.89,22.39,65.43,91.2,33.75,1.592,105.9,4.998,103.3,23.51,0.0,7,8,2023
176,220.0,26.42,29.9,22.59,76.5,94.1,58.7,1.095,256.2,4.018,99.6,20.6,0.0,8,8,2023
174,221.0,26.91,30.29,23.19,77.8,89.7,60.9,0.87,224.4,2.675,150.7,22.23,0.0,9,8,2023
196,222.0,26.26,29.03,23.25,83.2,97.5,70.4,1.196,262.6,4.351,246.8,21.2,0.0,10,8,2023
200,224.0,27.37,31.29,24.25,79.8,97.9,59.15,0.647,244.0,3.499,237.4,21.46,0.0,12,8,2023
176,228.0,26.56,31.09,23.12,78.0,91.5,62.22,1.237,276.9,4.302,244.5,22.08,0.0,16,8,2023
183,229.0,26.48,30.69,22.19,69.87,86.5,52.91,1.125,240.3,4.224,6.822,24.91,0.0,17,8,2023
208,231.0,26.58,33.42,19.79,72.2,94.0,43.75,0.625,326.2,3.263,246.1,23.86,0.0,19,8,2023
225,233.0,27.16,30.82,24.12,79.4,93.3,66.69,0.899,80.7,2.95,188.4,22.7,0.0,21,8,2023
215,234.0,28.87,33.95,23.32,58.62,86.3,40.35,1.14,138.0,4.763,112.2,23.4,0.0,22,8,2023
217,235.0,28.2,33.02,23.79,57.36,80.7,32.89,1.182,284.7,4.126,238.2,23.64,0.0,23,8,2023
202,236.0,28.08,32.82,22.92,55.88,81.1,30.09,1.019,282.1,4.302,22.64,23.32,0.0,24,8,2023
175,237.0,27.47,30.89,23.72,63.58,84.2,41.63,0.999,279.9,3.626,246.6,22.41,0.0,25,8,2023
165,238.0,27.45,31.56,22.19,71.3,83.7,47.31,0.861,231.5,4.969,237.1,20.44,0.0,26,8,2023
158,240.0,25.77,29.99,20.72,43.84,60.45,23.55,1.364,281.2,4.273,354.2,23.34,0.0,28,8,2023
154,241.0,24.84,29.1,20.39,54.04,81.3,30.76,1.493,283.6,4.341,219.6,23.42,0.0,29,8,2023
154,242.0,24.89,29.3,19.79,62.56,84.4,43.37,0.957,56.92,3.812,162.2,20.5,0.0,30,8,2023
165,243.0,25.37,29.96,21.52,71.4,86.5,50.89,0.859,70.6,3.695,131.8,22.47,0.0,31,8,2023
184,244.0,25.95,33.31,22.39,65.66,87.1,21.01,1.061,289.1,4.126,12.32,20.61,0.0,1,9,2023
249,245.0,23.61,28.92,19.33,77.3,93.5,55.76,1.237,78.4,4.851,46.81,15.75,22.4,2,9,2023
282,247.0,25.25,27.5,21.78,67.36,82.3,53.43,2.427,267.2,6.742,250.9,18.93,0.0,4,9,2023
227,248.0,25.23,28.77,21.92,65.34,82.1,43.64,1.333,285.9,3.93,272.6,19.14,0.0,5,9,2023
223,249.0,26.4,29.89,23.45,74.4,87.8,61.11,1.137,130.0,3.655,343.2,18.49,0.0,6,9,2023
204,250.0,26.12,29.77,22.65,72.8,85.1,55.17,1.063,123.5,4.616,145.8,16.68,0.0,7,9,2023
191,251.0,25.34,30.5,21.65,74.8,87.3,52.09,1.158,98.7,4.861,135.5,16.85,0.0,8,9,2023
177,252.0,25.54,29.5,21.52,73.2,92.1,53.36,0.725,199.7,3.636,250.0,20.12,0.0,9,9,2023
179,254.0,25.29,29.23,22.52,73.8,87.1,61.76,1.809,277.5,5.184,255.3,19.79,0.0,11,9,2023
186,255.0,24.91,28.83,21.38,71.3,86.6,55.09,1.603,279.2,6.527,199.7,18.27,0.0,12,9,2023
163,256.0,25.87,30.03,21.39,64.75,82.8,47.56,1.387,29.8,3.891,149.0,16.68,0.0,13,9,2023
161,257.0,26.98,32.56,22.79,64.97,86.9,45.28,1.821,60.63,6.517,120.3,16.89,0.0,14,9,2023
164,258.0,25.77,31.77,22.25,71.0,89.3,44.42,1.365,276.9,5.018,178.6,15.17,0.0,15,9,2023
171,259.0,24.81,28.23,22.12,75.1,90.7,51.03,1.722,274.3,5.38,254.5,17.9,0.0,16,9,2023
178,262.0,23.19,26.98,19.79,69.9,84.1,47.42,0.946,73.1,3.518,153.0,15.92,0.0,19,9,2023
155,264.0,22.28,24.71,18.99,69.29,81.3,56.99,3.318,275.6,8.88,239.0,19.21,0.0,21,9,2023
155,265.0,20.61,23.25,17.79,74.6,92.2,58.91,2.914,256.6,7.53,243.8,15.68,0.0,22,9,2023
156,266.0,21.59,26.43,17.13,67.35,89.6,38.62,1.077,29.26,3.979,160.8,19.23,0.0,23,9,2023
147,268.0,22.21,25.9,18.86,74.4,90.7,58.99,1.033,349.1,3.234,0.474,18.94,0.0,25,9,2023
155,269.0,22.58,26.63,19.13,73.1,87.8,55.25,1.019,329.3,3.753,336.5,18.3,0.0,26,9,2023
155,269.0,22.58,26.63,19.13,73.1,87.8,55.25,1.019,329.3,3.753,336.5,18.3,0.0,26,9,2023
156,271.0,21.88,25.37,19.06,77.4,90.5,66.43,1.004,28.99,2.862,354.3,18.51,0.0,28,9,2023
162,272.0,22.27,26.17,18.66,79.7,91.5,68.84,1.122,73.8,3.185,340.7,17.44,0.0,29,9,2023
173,273.0,22.98,27.03,20.06,76.1,92.6,60.12,0.888,351.2,3.783,0.0,18.38,0.0,30,9,2023
176,275.0,23.63,28.17,20.39,58.59,81.6,27.82,1.473,314.1,4.439,354.3,18.58,0.0,2,10,2023
171,276.0,22.99,27.3,20.06,67.82,93.6,42.37,1.121,326.3,3.802,1.611,17.99,0.0,3,10,2023
162,277.0,23.41,27.83,20.13,73.5,89.6,54.91,0.869,336.8,3.489,0.853,17.03,0.0,4,10,2023
162,278.0,22.54,26.77,19.26,79.0,93.8,60.78,1.288,10.11,4.88,136.8,17.24,0.0,5,10,2023
158,279.0,23.36,27.5,17.66,70.0,94.0,37.63,1.343,281.3,5.625,249.0,17.26,0.0,6,10,2023
155,280.0,23.9,28.37,17.59,59.83,93.8,26.89,1.491,5.179,5.557,248.2,17.57,0.0,7,10,2023
153,282.0,22.41,26.5,19.13,73.3,91.6,50.24,0.952,349.7,3.508,340.8,14.08,0.0,9,10,2023
150,283.0,22.13,26.63,18.99,73.7,92.7,48.97,0.997,357.9,4.077,350.0,16.42,0.0,10,10,2023
126,284.0,22.07,26.83,18.79,72.0,89.2,53.18,1.101,339.3,3.655,2.464,16.49,0.0,11,10,2023
134,286.0,22.05,26.17,18.66,72.5,87.0,53.19,1.268,288.4,3.763,9.57,15.56,0.0,13,10,2023
123,287.0,21.39,25.84,18.73,76.2,90.9,55.06,1.182,314.1,5.165,264.1,7.66,0.2,14,10,2023
119,289.0,21.21,24.51,17.93,73.4,89.2,58.59,0.905,292.2,4.175,246.6,12.49,0.0,16,10,2023
97,290.0,22.15,25.9,18.19,76.5,92.3,56.86,0.902,267.9,6.223,294.9,13.25,0.0,17,10,2023
96,291.0,22.29,24.05,20.25,70.3,83.7,54.98,3.04,262.5,7.42,246.5,12.84,0.0,18,10,2023
97,292.0,20.37,24.31,16.6,75.2,98.0,54.64,3.418,257.8,8.48,275.0,11.1,15.4,19,10,2023
100,293.0,18.08,21.19,14.2,64.64,98.9,37.7,4.198,259.1,9.86,245.8,16.23,0.6000000000000001,20,10,2023
102,294.0,16.71,20.92,13.07,62.85,84.5,44.84,1.556,335.6,5.459,256.8,14.47,0.0,21,10,2023
105,296.0,18.26,21.58,16.53,78.4,92.4,65.46,2.241,266.6,6.36,253.2,8.26,1.0,23,10,2023
97,297.0,17.22,20.32,14.4,72.5,87.5,54.0,2.664,263.1,7.7,261.9,15.64,0.0,24,10,2023
99,298.0,17.51,20.85,14.07,76.3,96.1,59.87,2.748,267.9,9.85,251.7,13.34,0.0,25,10,2023
103,299.0,17.39,21.99,13.47,84.5,99.9,60.65,3.072,263.5,11.03,242.7,13.36,0.0,26,10,2023
105,300.0,17.47,22.66,11.8,71.0,97.3,28.76,2.563,262.5,6.831,255.9,9.34,0.0,27,10,2023
109,301.0,16.62,20.65,12.07,65.06,86.4,51.51,1.614,305.1,5.253,244.4,15.11,0.0,28,10,2023
123,303.0,17.99,20.33,13.93,68.26,81.8,44.72,2.121,266.9,7.43,226.7,11.81,0.0,30,10,2023
118,304.0,17.37,21.19,14.93,62.73,86.3,46.05,0.958,40.69,4.136,348.7,6.115,0.2,31,10,2023
117,306.0,18.75,23.79,14.87,69.25,86.8,21.15,5.209,262.5,11.88,263.7,12.57,0.0,2,11,2023
130,307.0,17.46,22.45,13.0,49.7,68.89,23.89,2.18,298.2,9.57,267.0,12.78,0.0,3,11,2023
167,308.0,16.7,20.12,13.0,68.96,86.0,49.87,3.645,281.6,9.64,277.1,13.99,0.0,4,11,2023
172,310.0,15.37,20.33,11.07,58.07,88.2,41.05,1.22,349.3,4.047,346.5,11.97,0.0,6,11,2023
156,311.0,14.95,20.51,11.68,51.6,72.6,37.29,1.462,328.3,5.057,330.8,13.79,0.0,7,11,2023
152,312.0,14.0,18.94,10.94,60.8,82.7,39.12,1.314,357.0,4.704,349.0,11.68,0.0,8,11,2023
144,313.0,15.73,20.18,11.74,67.16,86.3,46.31,1.144,309.6,5.439,281.3,11.74,0.0,9,11,2023
135,314.0,15.32,21.44,11.34,76.3,93.6,49.5,0.544,56.36,3.116,248.9,13.13,0.0,10,11,2023
138,315.0,15.42,22.39,11.34,75.2,92.1,45.64,0.717,350.9,5.361,239.0,13.24,0.0,11,11,2023
136,317.0,16.73,23.92,11.34,73.4,95.6,40.98,0.764,8.68,3.802,350.8,12.68,0.0,13,11,2023
132,318.0,14.87,19.67,10.21,86.5,100.0,53.4,0.62,255.0,2.734,272.2,13.01,0.2,14,11,2023
128,319.0,15.1,23.31,8.81,80.4,100.0,45.36,0.485,43.29,2.822,344.4,12.65,0.2,15,11,2023
124,320.0,16.38,22.01,11.08,65.35,94.3,41.52,0.8300000000000001,312.8,2.96,322.8,11.17,0.0,16,11,2023
135,321.0,13.09,16.92,10.08,94.4,100.0,76.0,0.427,305.4,1.715,260.0,10.2,0.4,17,11,2023
144,322.0,15.31,20.79,9.87,85.3,100.0,54.07,0.666,58.96,3.175,347.4,11.97,0.0,18,11,2023
145,324.0,14.37,17.72,11.54,86.7,97.9,76.9,0.907,317.9,4.087,252.8,8.59,0.0,20,11,2023
134,325.0,14.79,19.92,10.08,80.9,100.0,30.5,0.899,4.547,4.645,354.3,10.8,0.0,21,11,2023
133,326.0,15.0,20.06,11.27,51.32,80.5,32.91,1.671,351.8,5.468,352.6,12.3,0.0,22,11,2023
122,327.0,13.77,19.58,10.54,56.79,80.2,36.91,1.829,347.1,4.439,0.474,12.09,0.0,23,11,2023
128,328.0,13.36,17.87,10.01,63.11,85.6,38.18,2.094,318.8,5.753,241.5,12.27,0.0,24,11,2023
126,329.0,14.08,19.18,10.01,56.74,89.0,30.58,1.139,328.0,4.949,236.5,12.29,0.0,25,11,2023
113,331.0,13.99,18.52,10.41,68.04,90.7,46.66,1.596,318.1,6.223,260.3,11.59,0.0,27,11,2023
98,332.0,15.02,20.05,9.61,73.0,92.5,39.92,0.788,302.2,4.067,344.8,9.09,0.0,28,11,2023
99,333.0,15.64,19.52,10.28,73.8,91.3,48.39,1.382,299.1,6.439,274.8,11.0,0.0,29,11,2023
95,334.0,17.47,21.8,13.54,73.7,88.5,34.17,2.386,273.0,6.595,244.8,8.68,0.0,30,11,2023
100,335.0,15.79,19.94,11.01,68.52,91.8,47.39,2.043,278.6,6.282,254.8,3.584,0.6000000000000001,1,12,2023
120,336.0,12.88,18.2,9.61,55.0,82.0,38.51,2.02,339.3,5.027,318.5,11.38,0.0,2,12,2023
135,338.0,12.62,17.47,9.48,65.61,85.3,43.52,1.356,330.4,4.057,260.2,5.331,0.0,4,12,2023
134,339.0,13.81,19.6,10.35,62.97,79.7,42.91,1.032,42.41,4.577,348.2,4.315,0.6000000000000001,5,12,2023
132,341.0,14.88,17.19,13.67,88.6,96.5,72.9,1.148,304.0,4.508,265.4,6.558,0.0,7,12,2023
111,343.0,14.76,21.46,10.81,61.81,89.3,36.64,1.691,345.3,5.566,0.474,10.43,0.0,9,12,2023
103,345.0,12.94,17.06,9.08,85.8,100.0,65.31,0.656,311.2,1.999,240.9,7.85,0.0,11,12,2023
102,346.0,14.47,20.39,10.48,85.8,100.0,54.4,1.332,276.9,5.929,266.5,7.6,0.4,12,12,2023
108,347.0,16.48,18.99,11.53,57.15,75.7,18.83,2.6950000000000003,288.0,8.22,239.5,5.406,0.0,13,12,2023
108,348.0,13.58,19.66,10.41,54.29,79.8,35.11,1.981,338.9,5.566,0.0,11.14,0.0,14,12,2023
109,350.0,12.17,18.2,8.81,55.87,89.1,27.9,2.048,358.9,4.851,0.759,11.29,0.0,16,12,2023
109,352.0,11.91,17.39,8.55,60.93,81.6,30.37,1.741,338.1,4.89,9.1,10.32,0.0,18,12,2023
98,353.0,11.96,17.19,8.28,61.16,73.0,42.52,2.283,321.8,5.478,255.5,11.12,0.0,19,12,2023
93,354.0,12.75,17.66,8.61,48.51,77.5,24.3,1.432,358.3,4.969,10.81,10.61,0.0,20,12,2023
98,355.0,13.5,18.32,10.54,53.33,70.8,34.64,2.124,325.3,5.4879999999999995,347.0,10.87,0.0,21,12,2023
108,356.0,12.7,17.66,9.42,60.36,78.7,41.26,1.867,319.8,4.4879999999999995,236.2,11.07,0.0,22,12,2023
114,357.0,13.13,18.93,9.95,63.03,95.1,33.64,1.394,343.5,3.871,8.15,10.98,0.0,23,12,2023
118,360.0,11.85,17.32,8.35,65.04,90.1,38.25,1.963,341.9,4.831,0.759,10.81,0.0,26,12,2023
118,360.0,11.85,17.32,8.35,65.04,90.1,38.25,1.963,341.9,4.831,0.759,10.81,0.0,26,12,2023
118,361.0,11.83,17.32,8.28,67.35,86.7,49.0,1.986,346.8,4.861,333.6,10.81,0.0,27,12,2023
114,362.0,12.05,17.53,8.95,68.05,92.4,43.66,1.446,346.7,4.41,354.1,8.0,0.0,28,12,2023
109,363.0,13.41,16.81,10.08,69.63,91.3,48.6,1.167,314.7,3.508,1.991,4.874,0.0,29,12,2023
112,364.0,13.93,18.59,10.67,67.0,90.2,38.79,1.154,348.1,4.087,17.54,10.71,0.0,30,12,2023
121,2.0,13.37,17.99,10.21,67.69,95.4,39.92,1.892,322.8,5.067,67.88,11.31,0.0,2,1,2024
125,3.0,14.34,19.05,8.41,71.4,89.9,41.93,0.771,22.65,4.773,7.11,11.3,0.0,3,1,2024
134,4.0,15.23,19.14,12.94,72.8,96.9,47.33,1.161,306.6,7.66,276.4,4.644,9.2,4,1,2024
152,5.0,13.73,16.8,8.21,63.52,97.2,33.64,2.68,285.5,10.48,258.3,10.98,0.0,5,1,2024
142,8.0,11.29,16.8,7.41,63.48,88.0,40.12,1.927,358.4,5.341,7.78,11.41,0.0,8,1,2024
136,9.0,12.45,15.27,10.68,79.8,98.3,59.35,0.902,357.3,3.655,351.4,3.536,3.0,9,1,2024
145,10.0,12.59,17.27,9.81,84.2,97.2,66.54,1.176,355.5,4.106,333.7,10.32,0.0,10,1,2024
142,11.0,12.57,18.74,9.61,69.77,89.7,45.18,1.649,13.06,4.733,2.655,11.12,0.0,11,1,2024
135,12.0,13.1,17.52,10.08,69.11,84.9,50.38,1.517,54.82,5.086,102.7,11.11,0.0,12,1,2024
131,13.0,11.71,16.28,8.68,70.9,84.6,49.0,1.453,327.6,4.028,16.69,10.16,0.0,13,1,2024
128,15.0,15.82,19.86,10.08,64.02,89.3,41.44,2.207,268.1,9.16,251.5,9.04,0.0,15,1,2024
132,16.0,16.86,20.13,13.6,58.97,82.1,33.97,2.265,293.2,8.04,228.1,7.88,0.0,16,1,2024
142,17.0,16.26,19.39,11.07,75.8,94.0,56.21,3.013,278.5,9.19,251.7,9.98,4.6,17,1,2024
148,18.0,16.57,19.25,12.6,69.87,87.0,54.93,2.19,279.5,6.889,301.2,11.99,0.0,18,1,2024
151,19.0,15.54,18.2,13.4,79.0,92.3,53.6,2.104,257.5,7.54,273.1,2.585,1.8,19,1,2024
165,20.0,13.65,17.33,11.01,69.81,82.5,61.13,2.467,58.66,6.978,246.8,9.84,0.0,20,1,2024
160,22.0,12.21,16.86,8.95,73.2,84.9,52.33,1.822,323.6,4.4879999999999995,342.8,12.92,0.0,22,1,2024
145,23.0,12.6,16.98,7.68,72.1,95.0,42.67,0.8270000000000001,350.4,3.773,354.2,12.7,0.0,23,1,2024
133,24.0,14.71,20.78,9.34,63.7,84.8,45.05,0.892,19.7,4.028,354.2,13.11,0.0,24,1,2024
132,25.0,15.9,21.25,9.61,58.65,94.7,30.77,1.382,17.92,5.792,348.5,12.98,0.0,25,1,2024
125,26.0,15.92,22.66,10.48,60.91,89.0,30.83,1.17,351.0,4.92,344.5,13.42,0.0,26,1,2024
119,27.0,15.67,20.85,10.22,66.58,100.0,38.72,1.302,296.1,6.105,327.9,13.35,0.0,27,1,2024
125,29.0,15.08,18.98,11.8,74.0,82.8,55.91,1.293,55.58,4.018,98.7,7.21,0.0,29,1,2024
146,30.0,15.75,19.78,11.6,66.99,83.0,44.77,0.988,96.1,3.5380000000000003,118.6,11.86,0.0,30,1,2024
156,31.0,14.56,19.52,10.87,64.75,85.1,45.71,1.375,42.36,4.439,128.9,12.85,0.0,31,1,2024
161,32.0,13.87,17.66,9.95,63.14,86.5,49.78,1.402,8.18,3.812,0.0,8.44,0.0,1,2,2024
139,33.0,12.48,17.58,8.68,71.9,90.5,46.27,1.651,16.58,4.459,0.0,13.82,0.0,2,2,2024
141,34.0,12.85,19.25,8.41,69.83,86.6,46.85,1.778,19.84,5.223,112.5,13.89,0.0,3,2,2024
142,36.0,13.02,17.72,8.95,68.47,92.3,43.21,1.482,313.3,4.018,344.9,12.8,0.0,5,2,2024
141,37.0,14.37,21.05,10.14,70.3,87.5,37.12,0.859,16.25,3.675,11.66,13.64,0.0,6,2,2024
144,38.0,15.59,20.25,10.55,55.69,91.2,26.3,1.668,323.4,5.87,225.1,13.27,0.0,7,2,2024
141,39.0,16.29,21.2,12.01,52.36,79.9,22.22,1.993,289.2,11.98,279.7,9.85,0.0,8,2,2024
146,40.0,15.118,18.0,10.445,74.129,100.0,46.18,2.539,274.751,4.744,250.9,2.42,11.308,9,2,2024
139,41.0,16.63,19.72,13.13,50.4,84.7,32.08,5.114,265.3,11.34,268.5,15.11,0.0,10,2,2024
137,43.0,16.79,21.12,11.94,82.1,97.1,53.51,4.352,268.4,11.89,253.1,14.14,0.0,12,2,2024
130,44.0,17.17,22.72,12.6,65.28,93.3,43.11,1.376,29.17,5.263,7.77,15.23,0.0,13,2,2024
125,4.0,14.63,17.78,9.87,71.7,100.0,39.31,1.019,276.9,4.439,0.095,12.05,0.0,14,2,2024
125,4.0,14.63,17.78,9.87,71.7,100.0,39.31,1.019,276.9,4.439,0.095,12.05,0.0,14,2,2024
124,4.0,14.63,17.78,9.87,71.7,100.0,39.31,1.019,276.9,4.439,0.095,12.05,0.0,15,2,2024
122,4.0,14.63,17.78,9.87,71.7,100.0,39.31,1.019,276.9,4.439,0.095,12.05,0.0,16,2,2024
115,4.0,14.63,17.78,9.87,71.7,100.0,39.31,1.019,276.9,4.439,0.095,12.05,0.0,17,2,2024
